codigo_ibge,unidades_locais_2022,pessoal_ocupado_2022,pessoal_assalariado_2022,salario_medio_sm_2022,salario_medio_reais_2022,unidades_locais_2023,pessoal_ocupado_2023,pessoal_assalariado_2023,salario_medio_sm_2023,salario_medio_reais_2023
4300034,263,1049,793,2.8,3405.57,276,1134,877,2.7,3609.45
4300059,224,861,639,2.9,3538.51,242,906,669,3.1,4095.06
4300109,690,3473,2678,2.1,2533.95,716,3556,2750,2.1,2710.42
4300208,365,1644,1240,2.3,2731.17,388,1745,1293,2.3,3013.61
4300307,215,760,527,2.2,2648.77,223,794,554,2.1,2766.47
4300406,3143,15193,11772,2.2,2630.97,3200,15487,12031,2.1,2793.86
4300455,186,575,384,2.4,2881.34,194,573,381,2.2,2852.96
4300471,103,699,595,2.3,2803.55,111,674,566,2.7,3577.35
4300505,328,1131,816,2.5,3080.76,347,1211,862,2.3,3065.84
4300554,98,431,336,2.4,2893.40,102,423,327,2.3,3071.27
4300570,144,934,749,2.4,2853.16,149,960,769,2.5,3297.04
4300604,5177,23786,17953,2.2,2708.54,5425,24580,18591,2.3,2971.62
4300638,160,638,490,2.1,2489.30,171,602,434,2.1,2729.93
4300646,461,1918,1371,1.7,2120.56,498,2041,1457,1.7,2256.81
4300661,105,357,240,2.5,3081.52,112,381,255,2.5,3238.76
4300703,403,1874,1336,2.4,2883.12,425,1907,1346,2.3,3053.05
4300802,1149,5387,3833,2.3,2828.10,1174,5499,3809,2.4,3093.36
4300851,226,720,507,2.3,2734.48,242,685,469,2.1,2819.90
4300877,414,2843,2350,2.0,2378.45,435,2827,2324,2.0,2625.21
4300901,434,1784,1287,2.9,3553.88,453,1895,1369,2.8,3626.99
4301008,1686,10168,7974,2.3,2783.99,1757,10214,7902,2.2,2884.96
4301057,787,2951,2091,2.1,2512.37,856,3032,2097,2.1,2702.93
4301073,83,396,309,2.0,2456.97,87,431,341,2.1,2719.67
4301107,590,2515,1889,2.2,2668.07,606,2604,1962,2.1,2758.50
4301206,566,2602,1930,1.8,2229.44,593,2709,2013,1.8,2350.13
4301305,793,2882,2115,2.3,2774.46,796,2852,2083,2.3,3072.36
4301404,709,2735,1763,1.9,2325.63,743,2830,1836,1.9,2555.82
4301503,452,1754,1244,2.4,2914.15,460,1695,1183,2.5,3340.18
4301552,234,694,429,2.1,2592.21,240,701,435,2.3,3040.72
4301602,4821,25704,20196,2.7,3289.30,4883,26233,20670,2.8,3673.40
4301636,541,2272,1744,2.2,2606.91,526,2365,1863,2.2,2872.97
4301651,407,2303,1843,2.5,3067.71,433,2417,1934,2.5,3310.09
4301701,631,2221,1434,2.2,2686.34,655,2269,1450,2.3,3031.33
4301750,191,570,387,2.4,2878.40,198,593,408,2.3,3080.09
4301800,238,893,609,2.4,2855.80,250,934,649,2.3,3002.92
4301859,91,343,266,2.0,2449.66,93,400,323,2.0,2643.88
4301875,196,887,702,1.8,2228.66,207,935,738,2.0,2571.69
4301909,579,3180,2521,1.8,2237.37,626,3266,2565,1.9,2445.70
4301925,67,284,220,2.8,3410.99,74,307,241,2.7,3601.67
4301958,179,899,699,2.3,2811.01,187,1080,870,2.5,3325.61
4302006,333,1231,874,1.9,2303.73,339,1231,859,1.9,2462.83
4302055,67,297,235,2.2,2690.25,77,314,251,2.1,2723.02
4302105,11315,60552,45774,3.1,3702.78,11821,62469,46536,3.1,4081.51
4302154,158,506,352,2.5,3076.36,161,501,345,2.5,3227.29
4302204,761,2647,1771,1.9,2288.79,772,2638,1746,2.0,2573.10
4302220,88,386,306,3.1,3772.78,92,398,311,3.0,4007.86
4302238,112,526,415,2.5,3057.35,117,573,461,2.3,3062.08
4302253,139,1115,927,2.5,2993.16,151,914,711,2.8,3650.98
4302303,553,2564,1999,1.9,2257.94,578,2673,2099,1.9,2495.70
4302352,1228,6679,5174,2.1,2601.54,1275,6997,5429,2.1,2807.50
4302378,88,414,339,1.9,2271.36,95,435,360,2.0,2620.35
4302402,683,4169,3395,1.8,2175.31,712,4219,3423,1.8,2383.31
4302451,345,928,544,2.0,2411.83,347,960,564,1.9,2522.49
4302501,226,1016,793,2.6,3092.91,236,964,738,2.4,3171.19
4302584,82,292,220,3.0,3686.54,93,310,228,3.2,4215.27
4302600,124,475,383,2.1,2485.29,127,493,396,2.0,2602.88
4302659,317,1159,803,1.9,2298.20,321,1147,786,1.9,2455.56
4302709,891,4580,3665,2.5,2993.22,832,4189,3367,2.4,3160.25
4302808,1603,7633,5726,2.5,3042.17,1655,7692,5688,2.3,3063.71
4302907,390,1699,1337,2.2,2719.11,392,1660,1294,2.3,3030.91
4303004,4011,19383,14569,2.3,2770.58,4081,19080,14175,2.2,2881.42
4303103,9260,49002,38932,2.5,3081.34,9567,50499,40119,2.5,3325.12
4303202,213,664,415,2.0,2398.29,236,676,401,2.0,2669.12
4303301,281,1242,955,2.8,3445.36,289,1289,985,2.7,3503.02
4303400,206,674,457,2.2,2657.04,216,689,466,2.3,2983.72
4303509,3788,15751,11246,2.4,2938.18,3930,16247,11513,2.2,2954.83
4303558,158,806,626,2.8,3345.61,182,845,655,2.8,3685.82
4303608,498,2223,1671,2.4,2945.58,505,2334,1800,2.2,2916.41
4303673,151,618,411,2.4,2856.03,162,646,448,2.3,3032.07
4303707,337,1136,788,2.1,2491.24,348,1140,780,2.1,2805.98
4303806,349,1312,865,2.5,3064.21,354,1386,939,2.6,3464.72
4303905,4931,35480,29191,2.5,3024.03,5128,30635,24129,2.6,3356.40
4304002,372,1574,1092,2.3,2823.37,360,1543,1112,2.3,3009.98
4304101,219,771,549,2.2,2634.23,237,816,578,2.1,2698.90
4304200,1179,7214,5876,2.0,2438.85,1226,7301,5908,2.0,2594.36
4304309,346,1642,1296,2.5,2986.75,364,1685,1316,2.4,3168.48
4304358,437,2894,2493,4.3,5250.89,448,2997,2569,4.1,5393.09
4304408,3871,15318,10735,2.3,2814.80,4112,15600,10814,2.4,3137.65
4304507,1798,7016,4936,2.4,2851.23,1852,7229,5078,2.3,3017.47
4304606,21049,112391,86750,2.9,3509.04,21877,113871,87532,2.8,3684.05
4304614,98,270,174,2.2,2718.01,99,283,192,2.2,2941.05
4304622,88,334,253,3.0,3618.26,92,349,269,3.0,3923.91
4304630,5613,19150,13681,2.2,2652.80,5912,20146,14304,2.2,2873.24
4304655,105,460,363,3.6,4324.31,112,459,360,3.3,4310.86
4304663,765,4567,3768,2.3,2800.80,784,4317,3497,2.5,3259.01
4304671,303,1351,1004,2.5,3067.72,329,1483,1098,2.4,3186.82
4304689,382,1851,1442,1.9,2271.99,400,1867,1449,2.0,2650.40
4304697,130,568,427,2.1,2522.28,132,601,469,2.2,2847.18
4304705,3969,19381,14668,2.5,2987.18,4086,19776,14821,2.5,3221.58
4304713,241,1319,1080,1.6,1933.49,276,1362,1087,1.6,2155.22
4304804,2410,16721,13678,3.3,3973.34,2456,17558,14323,3.3,4345.91
4304853,60,234,176,2.3,2778.88,67,208,154,2.6,3408.31
4304903,861,4070,2912,2.3,2801.62,880,4342,3145,2.3,3046.85
4304952,193,676,487,2.2,2652.04,200,676,478,2.2,2838.55
4305009,415,1545,1116,2.1,2570.11,419,1539,1103,2.3,3061.05
4305108,39159,211040,160468,2.9,3530.85,40857,216460,163246,2.9,3782.32
4305116,140,391,246,2.4,2893.31,149,480,325,2.4,3209.94
4305124,140,580,452,2.1,2603.82,146,599,469,2.0,2664.40
4305132,137,513,399,2.2,2668.73,145,509,387,2.4,3107.82
4305157,114,366,269,2.2,2616.69,113,363,261,2.1,2785.78
4305173,349,1414,1022,2.2,2658.23,359,1431,1034,2.2,2901.28
4305207,795,4221,3271,2.3,2846.79,845,4263,3253,2.3,3072.46
4305306,571,2709,2051,2.1,2581.37,580,2884,2198,2.2,2912.15
4305355,1699,8765,6940,2.7,3246.38,1738,8752,6878,2.6,3436.65
4305371,108,331,203,2.6,3197.00,115,363,227,2.5,3290.23
4305405,239,993,752,1.9,2359.97,254,1070,798,1.9,2474.06
4305439,673,2857,2155,1.8,2154.51,698,2931,2205,1.7,2290.64
4305447,139,535,403,2.5,3074.42,138,543,412,2.5,3321.37
4305454,693,2780,2097,2.1,2508.30,716,2867,2155,2.0,2680.62
4305504,308,960,630,1.9,2340.32,325,1034,679,1.9,2552.60
4305587,181,596,392,2.1,2596.53,185,611,407,2.2,2852.05
4305603,190,717,514,2.7,3281.60,190,710,512,2.8,3704.35
4305702,454,2519,1887,2.5,3043.75,476,2612,1981,2.5,3278.81
4305801,721,2857,1981,1.9,2352.76,749,2906,1992,2.0,2569.71
4305835,67,211,123,2.8,3337.81,69,227,141,2.7,3555.65
4305850,131,438,307,2.5,2970.01,137,467,315,2.6,3372.91
4305871,177,663,470,2.9,3472.07,181,675,473,2.9,3845.42
4305900,322,1205,894,2.1,2594.44,329,1181,867,2.3,3007.38
4305934,74,244,154,3.0,3626.43,81,242,146,2.9,3810.33
4305959,259,1074,750,2.2,2668.82,270,1158,801,2.4,3112.25
4305975,143,765,595,3.2,3891.74,151,846,666,3.5,4557.84
4306007,624,3121,2453,1.9,2293.01,652,3142,2432,2.0,2639.54
4306056,345,3012,2652,1.6,1970.67,367,3081,2702,1.6,2105.26
4306072,113,343,242,2.1,2584.25,111,365,272,2.1,2766.63
4306106,3518,16932,12752,2.5,3087.91,3630,17083,12796,2.5,3276.59
4306130,64,267,200,2.5,2985.52,74,285,216,2.7,3611.36
4306205,654,3771,2939,2.5,3031.68,683,3781,2930,2.5,3287.36
4306304,311,1045,656,2.1,2544.87,332,1050,632,2.2,2838.12
4306320,83,413,354,2.3,2841.23,95,446,379,2.3,3071.00
4306353,64,232,172,2.5,3083.24,79,264,194,2.5,3302.30
4306379,95,430,346,2.5,3049.65,104,461,372,2.5,3332.30
4306403,2099,15098,12361,2.5,3004.29,2192,14772,11920,2.5,3237.05
4306429,79,329,263,2.3,2833.35,84,348,274,2.4,3131.83
4306452,274,947,601,2.1,2489.90,284,992,635,2.1,2793.83
4306502,406,1463,1063,2.0,2449.23,423,1536,1129,2.0,2654.63
4306551,140,517,388,2.0,2454.29,143,470,335,2.1,2735.99
4306601,1585,7015,5254,2.2,2711.72,1633,7238,5448,2.2,2957.24
4306700,144,494,359,2.3,2838.74,143,498,360,2.3,3016.90
4306734,175,686,514,2.5,2998.33,187,718,538,2.3,3085.46
4306759,122,478,326,2.1,2532.71,126,487,328,2.0,2685.08
4306767,1716,20906,18882,3.7,4489.31,1772,19076,16998,3.8,4935.57
4306809,1965,10595,8022,2.3,2803.49,2081,10541,7818,2.2,2942.17
4306908,1059,3890,2726,2.0,2382.36,1089,4883,3688,2.1,2736.60
4306924,59,227,173,3.0,3671.73,68,242,179,3.0,4003.63
4306932,416,1608,1162,2.3,2742.35,440,2005,1524,2.5,3297.85
4306957,187,530,344,2.3,2758.65,180,561,384,2.3,3001.16
4306973,131,442,308,2.7,3322.80,137,443,301,2.6,3478.08
4307005,9432,51949,39289,2.6,3189.59,9888,54331,40855,2.7,3490.91
4307054,252,832,532,2.1,2553.74,265,880,560,2.2,2896.79
4307104,236,843,623,1.9,2282.21,233,824,603,1.8,2410.75
4307203,235,873,590,1.9,2363.04,256,1017,719,2.0,2599.22
4307302,313,1083,762,2.0,2478.64,324,1156,824,2.1,2732.52
4307401,192,642,458,2.6,3106.02,198,643,448,2.6,3367.51
4307450,109,482,361,2.3,2741.66,108,477,370,2.3,3021.17
4307500,1005,4546,3308,2.6,3198.69,1047,4654,3379,2.5,3332.04
4307559,408,1959,1481,2.8,3338.77,434,2327,1826,2.8,3732.87
4307609,3354,17277,12965,2.2,2653.72,3544,17459,12853,2.2,2953.55
4307708,4489,24988,19739,2.7,3314.95,4612,25095,19702,2.6,3478.95
4307807,2593,15214,11851,2.3,2837.72,2691,15724,12212,2.3,3068.58
4307815,121,562,451,2.8,3346.70,128,576,461,2.8,3642.60
4307831,137,438,309,2.8,3444.77,152,487,333,2.8,3662.03
4307864,180,791,551,2.3,2751.06,188,844,570,2.3,2963.05
4307906,5292,33315,26515,2.8,3424.43,5528,33694,26494,2.8,3640.15
4308003,498,2279,1515,2.2,2653.53,522,2297,1521,2.1,2810.84
4308052,121,369,249,2.0,2449.43,130,395,257,2.1,2786.40
4308078,260,1007,712,2.0,2390.91,281,1089,781,1.9,2521.77
4308102,1021,5072,3835,2.3,2809.53,1065,5114,3802,2.3,3014.46
4308201,3192,16775,12298,2.6,3201.19,3295,16924,12195,2.7,3518.59
4308250,76,271,199,2.3,2740.65,77,273,196,2.7,3513.34
4308300,473,1779,1234,2.2,2690.47,478,1777,1211,2.3,3039.29
4308409,200,846,669,2.4,2919.13,220,939,744,2.3,3043.85
4308433,103,442,326,1.9,2355.34,109,454,335,2.0,2616.97
4308458,286,970,644,2.5,2986.74,304,982,640,2.4,3094.47
4308508,2728,12756,9293,2.1,2516.49,2922,13179,9405,2.0,2678.58
4308607,3602,20607,15960,2.6,3186.31,3762,21347,16360,2.6,3414.64
4308656,104,375,290,3.9,4727.49,110,388,296,3.5,4610.49
4308706,376,1419,996,2.2,2682.74,385,1384,919,2.3,3010.43
4308805,305,930,649,2.0,2363.75,303,912,638,2.1,2749.54
4308854,101,390,274,2.3,2816.49,108,408,287,2.4,3095.09
4308904,1429,5832,4001,2.3,2826.68,1481,5970,4041,2.3,3083.27
4309001,943,3821,2748,2.2,2714.54,976,3865,2750,2.3,2985.45
4309050,436,2710,2187,2.6,3130.85,451,2801,2254,2.5,3280.85
4309100,5785,28517,21551,2.6,3110.34,6087,29691,22274,2.6,3353.69
4309126,89,299,226,2.5,2972.94,89,316,246,2.7,3498.14
4309159,130,402,272,2.5,2979.55,138,430,298,2.5,3280.69
4309209,12914,69821,54853,2.7,3321.27,13433,72832,57272,2.6,3462.98
4309258,116,342,225,2.1,2583.74,123,354,233,2.2,2848.87
4309308,4333,23743,18736,3.1,3741.99,4474,24571,19453,3.0,3937.43
4309407,2501,12190,8843,2.1,2554.77,2567,12327,8885,2.1,2762.71
4309506,407,1512,1078,2.2,2635.25,414,1577,1108,2.2,2910.62
4309555,353,2008,1578,2.4,2869.79,364,2083,1642,2.4,3132.80
4309571,84,283,210,2.6,3132.90,86,287,213,2.6,3379.99
4309605,1155,8118,6540,3.5,4232.18,1209,7543,5915,3.4,4525.68
4309654,161,2311,2153,2.0,2385.54,164,2224,2072,1.9,2551.80
4309704,263,1062,768,1.9,2343.18,270,1164,870,2.0,2664.13
4309753,156,463,299,2.2,2617.59,148,504,351,2.2,2834.47
4309803,325,1111,703,2.2,2674.86,341,1171,724,2.2,2888.83
4309902,390,1553,1090,2.5,3051.54,422,1575,1088,2.6,3362.14
4309951,161,628,471,2.0,2462.24,166,603,440,2.1,2767.25
4310009,1925,9657,7370,2.6,3177.93,2001,9386,7055,2.6,3478.80
4310108,2576,16487,13374,2.2,2630.16,2731,16619,13352,2.1,2800.06
4310207,6957,33033,24360,2.6,3123.60,7265,34350,25184,2.6,3468.83
4310306,290,1069,704,2.0,2363.86,296,1090,706,2.0,2628.29
4310330,1273,5815,4386,2.0,2406.14,1350,6412,4889,1.9,2482.35
4310363,226,1524,1265,2.6,3160.96,240,1475,1198,2.5,3264.23
4310405,262,1313,1005,2.6,3129.68,285,1352,1042,2.5,3265.58
4310413,97,335,256,2.1,2490.80,104,331,245,2.2,2914.06
4310439,423,1578,1014,2.0,2447.64,432,1651,1074,2.1,2705.61
4310462,127,373,245,2.8,3420.89,132,398,250,2.6,3482.64
4310504,358,1196,815,1.9,2313.72,373,1244,844,1.9,2455.36
4310538,274,1681,1363,2.3,2737.28,296,1752,1419,2.5,3295.39
4310553,122,405,304,2.4,2869.47,128,433,322,2.6,3375.72
4310579,90,273,184,2.6,3111.21,99,305,204,2.5,3303.22
4310603,1596,7736,5986,2.3,2795.12,1646,7933,6158,2.2,2850.45
4310652,111,387,281,2.0,2378.42,117,366,256,2.0,2568.77
4310702,155,447,283,1.1,1365.86,164,453,283,2.2,2830.94
4310751,86,236,160,3.0,3659.05,87,251,167,3.1,4099.77
4310801,1942,11270,8681,2.4,2950.99,2041,11279,8509,2.5,3326.85
4310850,189,622,435,2.0,2414.24,209,649,441,2.0,2658.36
4310876,71,337,274,2.3,2820.19,67,335,274,2.5,3279.81
4310900,237,874,608,2.3,2736.81,232,880,615,2.5,3254.47
4311007,1363,5310,3732,2.0,2456.92,1386,5449,3873,2.0,2688.36
4311106,636,2047,1382,2.2,2614.40,585,1982,1358,2.1,2765.94
4311122,195,808,602,1.9,2246.57,208,851,636,1.8,2423.96
4311130,81,390,314,2.4,2912.44,82,391,316,2.6,3408.05
4311155,294,918,657,2.8,3435.61,298,912,657,2.8,3701.59
4311205,1055,3932,2816,2.5,3075.17,1090,4010,2857,2.5,3251.94
4311239,78,281,208,2.2,2643.42,79,290,215,2.2,2861.26
4311254,138,491,369,2.1,2540.33,147,519,389,2.3,2960.76
4311270,126,429,296,2.7,3219.21,131,440,310,2.7,3513.27
4311304,1875,8059,5779,2.0,2457.71,1972,8200,5803,2.0,2581.03
4311403,9035,51317,39834,2.5,3006.55,9666,52507,40212,2.4,3215.58
4311429,67,324,269,1.9,2337.20,77,351,280,2.0,2637.85
4311502,320,1324,1002,2.1,2592.91,328,1300,980,2.2,2859.62
4311601,195,730,536,2.2,2687.97,200,721,522,2.1,2766.76
4311627,241,2428,2148,2.2,2674.26,251,2411,2134,2.3,3014.90
4311643,92,326,227,2.2,2664.78,93,332,235,2.4,3098.35
4311700,392,1281,854,2.2,2689.09,401,1300,846,2.2,2837.87
4311718,118,509,402,2.4,2967.51,126,552,437,2.9,3750.77
4311734,94,325,243,2.0,2377.15,100,335,248,2.0,2634.00
4311759,261,956,675,2.2,2718.82,276,980,689,2.2,2918.90
4311775,252,1245,971,2.0,2428.04,258,1185,913,2.0,2652.37
4311791,153,562,393,2.2,2674.84,160,540,361,2.1,2699.57
4311809,3246,20221,16051,2.4,2868.84,3426,20819,16389,2.4,3122.37
4311908,451,1200,658,2.3,2741.33,462,1226,657,2.3,3009.24
4311981,179,515,333,2.3,2803.08,178,526,342,2.4,3173.86
4312005,102,409,298,2.3,2754.13,114,439,311,2.4,3150.51
4312054,278,938,621,2.0,2368.41,295,974,655,2.0,2642.70
4312104,237,783,531,2.1,2556.04,242,764,522,1.7,2229.23
4312138,136,490,355,2.2,2704.97,138,483,353,2.3,3084.75
4312153,364,1821,1374,2.0,2447.60,372,1792,1345,2.0,2588.02
4312179,65,245,188,2.5,3024.54,68,253,196,2.5,3265.64
4312203,307,907,562,1.9,2330.15,319,938,576,2.2,2926.85
4312252,299,1418,1105,2.2,2720.19,303,1556,1243,2.2,2836.46
4312302,200,1861,1691,1.7,2076.06,204,1740,1567,1.7,2213.43
4312351,129,447,298,2.7,3268.10,138,490,330,2.8,3644.80
4312377,76,377,310,2.1,2508.33,73,466,394,1.7,2297.57
4312385,166,546,345,2.8,3448.93,192,586,355,2.7,3508.19
4312401,3904,25381,20705,2.9,3555.05,3902,25155,20406,2.9,3796.48
4312427,114,495,385,2.3,2798.49,136,490,358,2.4,3189.67
4312443,163,484,302,2.2,2700.61,171,517,324,2.3,3066.41
4312450,238,1415,1157,2.0,2445.52,256,1444,1168,2.0,2609.74
4312476,378,1890,1415,2.0,2459.53,389,1963,1474,2.1,2723.65
4312500,565,3037,2389,1.7,2105.38,605,3122,2460,1.7,2185.11
4312609,448,2655,2109,1.8,2177.85,444,2814,2279,1.8,2365.68
4312617,126,698,536,2.7,3237.83,134,718,542,2.6,3450.80
4312625,80,322,245,2.1,2503.52,90,388,296,2.0,2605.31
4312658,1265,10853,9323,3.3,3985.60,1348,10892,9256,3.2,4191.66
4312674,111,361,246,2.6,3100.04,126,382,252,2.6,3452.34
4312708,733,3155,2299,2.1,2584.06,778,2989,2096,2.1,2793.68
4312757,249,1516,1209,3.0,3641.68,274,1394,1066,3.0,3923.05
4312807,378,2905,2468,1.9,2344.90,400,2261,1790,2.1,2823.96
4312906,816,5094,4137,2.6,3138.76,852,4906,3878,2.5,3240.19
4312955,122,765,621,2.1,2494.03,141,836,667,2.1,2779.47
4313003,205,820,538,2.3,2802.51,218,871,567,2.3,2993.28
4313011,205,1154,937,2.4,2948.83,215,1147,923,2.4,3119.26
4313037,304,1834,1544,1.7,2068.72,293,1858,1571,1.6,2114.80
4313060,865,8757,7780,1.8,2217.47,930,8558,7488,1.8,2407.77
4313086,195,600,328,2.5,3046.31,203,636,347,2.6,3369.09
4313102,305,1288,953,2.5,3040.81,318,1312,963,2.5,3306.40
4313201,2010,9258,6832,2.5,3004.92,2102,9430,6807,2.5,3246.26
4313300,2558,11780,8428,2.5,3061.24,2636,12151,8646,2.5,3246.98
4313334,85,367,291,3.0,3671.81,95,402,321,3.2,4237.08
4313359,259,926,628,2.8,3446.26,267,912,576,2.9,3793.18
4313375,1366,11605,10045,3.0,3661.65,1427,12270,10594,3.0,3976.19
4313391,175,615,435,2.2,2716.11,176,647,473,2.3,3019.77
4313409,21100,98530,71161,2.4,2909.37,21852,104741,76471,2.4,3120.99
4313425,106,411,337,2.7,3304.07,112,418,331,2.6,3370.36
4313441,76,302,238,2.2,2669.76,78,310,245,1.7,2234.59
4313466,92,311,226,2.4,2951.95,92,315,232,2.4,3114.53
4313490,228,696,472,2.2,2610.82,231,671,451,2.0,2636.32
4313508,2973,15896,12401,2.3,2833.16,3119,15735,12043,2.2,2890.37
4313607,254,784,506,2.0,2395.18,271,839,545,2.0,2658.35
4313656,685,2452,1726,2.2,2642.10,678,2442,1722,2.3,2991.09
4313706,2148,7650,5137,2.4,2874.53,2206,7981,5364,2.4,3155.23
4313805,549,1923,1281,1.9,2295.98,556,1879,1225,1.9,2501.53
4313904,2804,18554,14973,3.2,3918.15,2931,18570,14831,3.0,3921.68
4313953,484,2886,2386,2.3,2785.17,516,3121,2596,2.1,2696.78
4314001,677,3841,2971,2.2,2627.88,719,3914,3022,2.2,2934.28
4314027,259,956,692,2.3,2731.01,272,1043,773,2.1,2731.58
4314035,286,1054,749,2.1,2550.14,300,1133,791,2.2,2854.07
4314050,2282,16717,14133,1.9,2337.09,2422,16535,13780,1.9,2555.18
4314068,112,352,230,3.0,3578.75,122,361,225,2.8,3703.56
4314076,356,1335,946,2.1,2543.78,374,1425,1018,2.1,2748.81
4314100,17782,88740,66160,2.7,3331.35,18774,92782,68892,2.6,3416.44
4314134,142,754,584,2.1,2594.40,160,840,656,2.3,3042.00
4314159,388,1852,1425,1.9,2359.26,394,2040,1608,2.0,2593.68
4314175,82,369,277,2.5,3017.48,89,409,308,2.5,3343.57
4314209,271,1231,977,2.0,2373.82,285,1261,1002,2.0,2659.05
4314308,170,761,580,2.5,3055.67,183,790,601,2.5,3236.36
4314407,17917,92467,71860,2.7,3255.74,18583,94422,72996,2.7,3539.80
4314423,362,3305,2858,1.9,2323.28,370,2821,2374,2.0,2645.76
4314456,183,1090,894,2.3,2835.98,192,1117,914,2.4,3091.83
4314464,114,427,316,2.9,3508.66,121,488,371,3.0,3947.45
4314472,147,577,437,3.2,3879.46,150,582,440,3.1,4055.09
4314498,198,687,490,2.0,2432.01,212,712,494,2.1,2772.45
4314506,433,1490,1056,2.3,2759.88,451,1551,1099,2.3,2975.31
4314548,167,531,329,2.4,2952.87,188,710,456,2.5,3264.71
4314555,79,292,240,2.3,2847.52,81,316,258,2.3,3087.24
4314605,585,3494,2860,2.1,2605.24,602,3279,2637,2.1,2714.60
4314704,573,2252,1558,2.0,2387.06,583,2339,1623,1.9,2494.28
4314753,131,1221,1087,2.2,2668.38,141,488,339,2.0,2580.64
4314779,167,711,505,2.5,2992.47,192,746,519,2.4,3113.74
4314787,112,325,207,2.3,2802.27,122,369,234,2.4,3134.36
4314803,2152,12596,10047,2.8,3376.61,2279,12504,9802,2.7,3546.91
4314902,144708,843244,660355,4.0,4797.08,150530,874230,683450,3.8,4989.21
4315008,212,702,488,2.1,2547.36,216,695,484,2.1,2795.83
4315057,107,343,243,2.3,2839.62,122,395,284,2.1,2717.50
4315073,67,225,159,2.7,3284.39,72,241,176,2.6,3461.23
4315107,535,2146,1460,2.1,2595.80,569,2165,1473,2.2,2840.41
4315131,142,443,297,2.0,2372.34,136,438,303,2.0,2639.85
4315149,223,2577,2330,2.0,2415.53,229,2692,2438,1.9,2556.89
4315156,249,1016,728,2.0,2449.80,268,1041,743,1.8,2332.32
4315172,149,482,295,2.1,2591.03,161,520,298,2.1,2789.52
4315206,249,870,594,2.0,2392.57,255,891,602,2.1,2737.25
4315305,1326,4441,3088,1.9,2354.17,1345,4467,3073,1.8,2374.75
4315313,82,319,236,2.3,2774.54,79,346,255,3.1,4021.44
4315321,90,339,259,3.2,3848.14,98,344,258,3.1,4101.23
4315354,339,1161,788,2.5,3037.71,354,1177,795,2.6,3386.48
4315404,221,798,602,2.1,2510.94,233,855,643,2.0,2613.17
4315453,142,407,242,1.9,2342.43,143,429,255,2.1,2721.57
4315503,724,3345,2505,2.0,2415.03,756,3501,2620,2.0,2638.03
4315552,99,356,263,2.6,3134.00,101,335,248,2.6,3352.50
4315602,8819,52967,43689,3.0,3640.46,9113,53089,43625,3.0,3918.11
4315701,1140,6185,4998,2.1,2501.25,1157,6050,4839,2.0,2655.40
4315750,217,1574,1349,1.9,2302.77,231,1627,1374,1.9,2435.21
4315800,666,3964,3163,2.0,2478.62,672,3894,3087,2.0,2677.24
4315909,436,1669,1196,2.0,2370.16,462,1758,1253,2.0,2564.09
4315958,63,246,203,3.2,3854.36,74,276,222,3.0,3947.42
4316006,1104,8411,7070,1.8,2235.40,1167,8320,6886,1.8,2405.83
4316105,593,2057,1373,2.1,2591.32,616,2105,1392,2.1,2812.21
4316204,282,859,514,2.4,2867.48,297,883,515,2.4,3120.67
4316303,313,1043,739,2.3,2814.53,319,1066,750,2.3,3031.00
4316402,1726,6950,4997,2.1,2492.98,1766,7032,5031,2.1,2745.42
4316428,114,421,325,1.8,2212.95,115,455,363,1.8,2314.69
4316436,138,550,420,2.6,3163.10,147,630,489,2.7,3555.80
4316451,541,2056,1497,2.8,3384.13,573,2276,1676,2.5,3251.86
4316477,166,896,715,2.7,3247.61,174,998,808,2.7,3511.42
4316501,532,2868,2195,2.5,3011.80,533,3034,2362,2.6,3400.11
4316600,1295,5419,3795,2.1,2587.22,1357,5411,3691,2.1,2790.04
4316709,509,2080,1546,2.8,3406.43,521,2053,1491,2.7,3537.34
4316733,60,281,216,2.7,3254.84,65,292,223,2.6,3478.40
4316758,431,2779,2272,1.9,2266.28,453,2809,2271,1.8,2343.37
4316808,10568,56999,43508,2.8,3343.69,10967,58579,44496,2.7,3579.64
4316907,16266,89765,70399,3.1,3720.85,17176,89461,69093,3.1,4027.62
4316956,303,2179,1820,1.9,2312.74,323,2096,1716,1.9,2501.87
4316972,95,405,323,2.6,3130.29,103,420,331,2.5,3348.55
4317004,325,991,676,1.9,2350.76,297,964,676,1.9,2537.81
4317103,4749,18634,12976,2.0,2396.50,4880,19297,13597,2.0,2605.92
4317202,4986,31460,25091,2.5,3044.19,5321,32096,25189,2.5,3336.35
4317251,102,277,173,2.6,3139.47,104,273,159,2.7,3606.95
4317301,1449,6413,4865,2.2,2668.50,1464,6601,5025,2.2,2857.43
4317400,2477,10799,7852,2.2,2703.19,2550,10971,7903,2.2,2917.61
4317509,5267,25581,19456,2.3,2783.64,5461,25616,19089,2.2,2949.09
4317558,106,403,287,2.1,2555.12,113,410,280,2.1,2703.46
4317608,2464,13206,10265,2.1,2517.38,2559,13449,10393,2.0,2687.53
4317707,405,1497,1106,2.2,2639.81,428,1567,1144,2.1,2797.72
4317756,133,609,482,2.4,2918.78,140,582,447,2.6,3372.63
4317806,828,4223,3249,2.0,2479.53,868,4006,2976,2.0,2667.19
4317905,835,4500,3363,2.3,2765.86,871,4661,3472,2.3,3019.44
4317954,118,360,254,2.4,2880.57,132,379,257,2.5,3342.13
4318002,2782,13528,10612,2.2,2708.09,2893,13723,10663,2.2,2936.15
4318051,249,805,506,2.0,2386.65,256,816,514,1.9,2538.45
4318101,630,2465,1815,2.2,2670.96,661,2481,1793,2.2,2857.42
4318200,1332,6098,4598,2.2,2713.64,1407,6114,4561,2.0,2577.36
4318309,2228,11208,8661,2.2,2646.27,2293,11514,8872,2.2,2895.35
4318408,933,4515,3529,2.2,2659.26,943,4762,3769,2.2,2869.31
4318424,334,965,606,2.0,2363.65,351,1032,657,2.0,2667.03
4318432,189,894,654,2.4,2879.88,211,945,685,2.3,3004.88
4318440,190,618,426,2.1,2539.23,190,617,424,2.0,2648.26
4318457,88,369,298,2.3,2740.89,89,392,317,2.4,3138.77
4318465,117,502,375,2.0,2473.54,121,539,417,2.1,2699.28
4318481,219,1120,865,2.0,2424.18,231,1173,897,2.0,2674.51
4318499,185,1023,830,2.7,3247.91,203,1108,892,2.7,3534.27
4318507,901,7658,6779,2.5,3003.09,936,7211,6322,2.7,3524.53
4318606,489,1957,1387,2.1,2598.00,552,2140,1501,2.1,2762.23
4318614,141,568,410,2.4,2881.72,145,632,475,2.2,2952.70
4318622,238,970,738,2.0,2472.00,250,995,763,1.9,2443.72
4318705,12211,73381,58514,3.2,3858.56,12640,73636,58226,3.2,4215.23
4318804,1711,7512,5509,2.2,2643.35,1748,7617,5530,2.3,3007.32
4318903,1878,8364,6310,2.2,2680.68,1951,8604,6434,2.2,2941.69
4319000,1641,9720,7323,2.6,3092.99,1713,10087,7632,2.6,3398.13
4319109,425,1684,1182,1.9,2354.55,433,1697,1193,2.0,2569.65
4319125,86,387,303,2.6,3191.05,91,371,286,2.9,3815.74
4319158,339,1381,991,2.3,2848.13,352,1460,1050,2.3,3032.49
4319208,160,598,463,2.0,2399.94,161,621,482,1.9,2460.30
4319307,227,883,662,2.2,2719.52,241,937,715,2.2,2895.90
4319356,176,967,757,2.2,2687.14,185,1017,795,2.2,2889.33
4319364,70,330,272,2.3,2750.26,76,336,275,2.1,2796.19
4319372,231,814,540,2.4,2869.85,237,815,555,2.0,2609.94
4319406,737,2797,2015,2.0,2407.34,752,2769,1990,2.0,2671.27
4319505,1542,8906,7036,2.3,2768.28,1609,8965,7013,2.3,2957.90
4319604,1164,4629,3373,2.1,2594.48,1171,4690,3431,2.2,2874.21
4319703,201,652,410,2.2,2642.76,216,737,477,2.2,2923.51
4319711,160,665,487,1.8,2197.21,171,671,485,2.2,2852.44
4319737,64,293,240,2.2,2674.00,62,300,251,2.0,2600.42
4319752,213,893,655,2.3,2781.71,228,896,637,2.3,3031.10
4319802,370,1234,870,2.2,2641.00,384,1323,942,2.2,2847.24
4319901,4962,29994,23573,1.9,2352.08,5287,29862,23073,1.9,2500.75
4320008,5058,28101,22193,2.7,3235.88,5213,27862,21808,2.6,3413.73
4320107,1737,9608,7550,2.3,2792.49,1841,9939,7767,2.3,2991.12
4320206,733,4138,3226,2.1,2578.73,759,5125,4200,2.1,2731.46
4320230,141,497,372,2.1,2601.41,141,491,369,2.2,2826.19
4320263,175,645,439,2.4,2855.85,190,726,511,2.3,2998.04
4320305,345,1421,1043,2.5,3051.25,342,1398,1032,2.4,3210.64
4320321,129,429,313,2.5,3084.59,130,458,339,2.5,3256.27
4320354,223,856,625,2.1,2494.99,253,907,648,2.0,2598.44
4320404,1390,8201,6340,2.4,2966.84,1433,8282,6338,2.3,3051.15
4320453,134,382,226,2.1,2577.94,138,414,254,2.1,2731.73
4320503,318,1039,689,2.4,2909.79,341,1080,701,2.4,3212.79
4320552,254,1084,791,2.5,3041.69,262,1144,842,2.3,3026.69
4320578,76,293,210,2.9,3511.95,85,310,224,2.6,3418.01
4320602,217,745,503,2.2,2658.02,229,819,550,2.1,2801.62
4320651,136,467,314,2.2,2657.37,136,456,298,2.2,2946.24
4320677,318,1187,848,2.4,2870.18,324,1278,916,2.2,2850.15
4320701,939,3985,2794,1.9,2258.44,987,4036,2809,1.9,2497.56
4320800,2081,8714,6257,2.1,2515.97,2173,9308,6738,2.0,2608.47
4320859,276,1230,912,1.7,2036.13,285,1197,868,1.8,2355.97
4320909,1865,12107,9553,2.2,2712.83,1978,12252,9487,2.2,2936.13
4321006,788,3381,2418,2.4,2901.33,812,3350,2386,2.4,3109.73
4321105,801,2773,1887,2.1,2485.71,816,3065,2171,2.1,2712.65
4321204,3524,15654,11243,2.0,2442.29,3613,15591,11105,2.0,2627.32
4321303,1566,7530,5770,2.1,2504.58,1583,7414,5619,2.1,2759.08
4321329,213,700,482,2.0,2468.86,214,717,506,2.1,2706.70
4321352,238,815,585,1.8,2189.28,239,831,608,1.8,2330.25
4321402,903,3847,2867,2.1,2546.18,937,3993,2954,2.1,2813.24
4321436,571,2565,1919,1.9,2256.52,626,2733,2029,1.8,2375.38
4321451,2390,14418,11373,2.2,2715.25,2547,13977,10646,2.2,2846.32
4321469,268,956,684,2.6,3093.71,268,1006,724,2.5,3295.97
4321477,190,636,451,2.1,2569.09,205,654,461,2.1,2808.52
4321493,88,338,266,2.5,3040.06,96,341,257,2.6,3370.29
4321501,3770,14367,10430,2.2,2658.37,3940,14560,10391,2.2,2830.44
4321600,3369,13228,9703,2.1,2517.62,3548,13914,10150,1.6,2130.62
4321626,146,669,514,1.9,2247.15,147,698,539,1.8,2385.89
4321634,191,963,749,2.5,3006.57,194,990,758,2.1,2806.55
4321667,951,4000,2840,1.9,2284.10,990,4183,2982,1.9,2557.72
4321709,1781,9926,7587,1.9,2355.06,1847,9793,7436,1.9,2436.98
4321808,1703,8517,6287,2.3,2775.10,1771,9113,6821,2.2,2916.33
4321832,88,400,311,2.3,2778.84,87,400,317,2.3,3039.78
4321857,265,860,586,2.2,2689.24,288,918,626,2.1,2715.26
4321907,1703,8594,6560,2.2,2684.86,1800,8755,6579,2.0,2689.09
4321956,403,3481,3029,2.0,2465.08,447,3420,2909,2.0,2682.24
4322004,1423,14728,13261,4.4,5366.84,1450,15414,13949,3.9,5187.64
4322103,368,1241,829,2.2,2711.43,379,1305,882,2.1,2786.34
4322152,106,450,363,2.0,2435.45,110,464,372,2.1,2714.79
4322186,75,241,171,2.4,2859.90,84,261,184,2.5,3329.85
4322202,891,3910,3003,2.6,3096.17,943,4104,3133,2.4,3211.97
4322251,361,3708,3277,2.8,3421.68,382,3623,3170,2.7,3568.26
4322301,418,1718,1235,2.3,2847.39,456,1716,1174,2.3,2976.09
4322327,134,623,468,2.1,2569.92,142,645,484,2.2,2844.14
4322343,81,266,211,2.8,3374.33,83,269,211,2.9,3833.42
4322350,92,268,162,2.6,3120.91,93,272,163,2.7,3511.08
4322376,95,312,228,2.2,2713.75,92,333,249,2.1,2748.70
4322400,5687,26599,19993,2.1,2584.43,5861,26812,20056,2.2,2843.30
4322509,3583,21903,17509,2.0,2403.38,3760,22927,18300,2.0,2661.61
4322525,174,552,381,2.2,2690.29,177,589,419,2.3,3021.72
4322533,275,1044,757,2.6,3136.46,282,1056,764,2.5,3329.49
4322541,375,2143,1699,2.1,2511.58,403,2228,1740,2.1,2776.02
4322558,167,623,394,1.7,2091.65,175,622,386,1.7,2237.41
4322608,4166,22435,17527,2.4,2884.29,4382,23092,17974,2.4,3154.49
4322707,1265,6497,4966,2.1,2595.30,1301,6860,5287,2.2,2900.52
4322806,2141,10392,7628,2.5,3086.05,2200,10781,7934,2.6,3351.93
4322855,146,512,327,2.4,2887.35,153,527,331,2.3,3069.89
4322905,284,839,509,2.4,2968.34,292,830,490,2.7,3509.15
4323002,6460,29135,21463,2.4,2891.51,6691,30719,22864,2.4,3117.59
4323101,110,369,278,2.4,2966.08,110,380,289,2.4,3201.73
4323200,233,841,596,2.4,2957.00,241,892,639,2.6,3378.60
4323309,283,1636,1271,2.7,3274.35,311,1763,1361,2.6,3418.42
4323358,97,570,475,2.5,2969.95,103,592,488,2.5,3304.09
4323408,341,2551,2113,2.4,2924.31,366,2638,2185,2.5,3330.26
4323457,150,729,556,2.3,2846.21,156,750,576,2.5,3262.63
4323507,167,630,449,2.1,2556.57,176,658,473,2.1,2712.94
4323606,134,354,207,2.7,3309.80,136,353,198,2.6,3437.16
4323705,160,694,541,2.1,2593.49,172,778,610,2.1,2807.79
4323754,103,409,320,2.2,2713.49,109,426,331,2.3,3063.56
4323770,225,1951,1681,2.3,2776.50,237,1393,1100,2.2,2868.18
4323804,2003,7106,5045,2.5,3007.02,2214,7332,5032,2.6,3433.69
