codigo_ibge,municipio,mesorregiao,microrregiao,regiao_intermediaria
4300034,Aceguá,Sudoeste Rio-grandense,Campanha Meridional,Pelotas
4300059,Água Santa,Noroeste Rio-grandense,Passo Fundo,Passo Fundo
4300109,Agudo,Centro Ocidental Rio-grandense,Restinga Seca,Santa Maria
4300208,Ajuricaba,Noroeste Rio-grandense,Ijuí,Ijuí
4300307,Alecrim,Noroeste Rio-grandense,Santa Rosa,Ijuí
4300406,Alegrete,Sudoeste Rio-grandense,Campanha Ocidental,Uruguaiana
4300455,Alegria,Noroeste Rio-grandense,Ijuí,Ijuí
4300471,Almirante Tamandaré do Sul,Noroeste Rio-grandense,Carazinho,Passo Fundo
4300505,Alpestre,Noroeste Rio-grandense,Frederico Westphalen,Passo Fundo
4300554,Alto Alegre,Noroeste Rio-grandense,Cruz Alta,Passo Fundo
4300570,Alto Feliz,Metropolitana de Porto Alegre,Montenegro,Caxias do Sul
4300604,Alvorada,Metropolitana de Porto Alegre,Porto Alegre,Porto Alegre
4300638,Amaral Ferrador,Sudeste Rio-grandense,Serras de Sudeste,Porto Alegre
4300646,Ametista do Sul,Noroeste Rio-grandense,Frederico Westphalen,Passo Fundo
4300661,André da Rocha,Nordeste Rio-grandense,Guaporé,Caxias do Sul
4300703,Anta Gorda,Nordeste Rio-grandense,Guaporé,Santa Cruz do Sul - Lajeado
4300802,Antônio Prado,Nordeste Rio-grandense,Caxias do Sul,Caxias do Sul
4300851,Arambaré,Metropolitana de Porto Alegre,Camaquã,Porto Alegre
4300877,Araricá,Metropolitana de Porto Alegre,Porto Alegre,Porto Alegre
4300901,Aratiba,Noroeste Rio-grandense,Erechim,Passo Fundo
4301008,Arroio do Meio,Centro Oriental Rio-grandense,Lajeado-Estrela,Santa Cruz do Sul - Lajeado
4301057,Arroio do Sal,Metropolitana de Porto Alegre,Osório,Porto Alegre
4301073,Arroio do Padre,Sudeste Rio-grandense,Pelotas,Pelotas
4301107,Arroio dos Ratos,Metropolitana de Porto Alegre,São Jerônimo,Porto Alegre
4301206,Arroio do Tigre,Centro Oriental Rio-grandense,Santa Cruz do Sul,Santa Cruz do Sul - Lajeado
4301305,Arroio Grande,Sudeste Rio-grandense,Jaguarão,Pelotas
4301404,Arvorezinha,Nordeste Rio-grandense,Guaporé,Passo Fundo
4301503,Augusto Pestana,Noroeste Rio-grandense,Ijuí,Ijuí
4301552,Áurea,Noroeste Rio-grandense,Erechim,Passo Fundo
4301602,Bagé,Sudoeste Rio-grandense,Campanha Meridional,Pelotas
4301636,Balneário Pinhal,Metropolitana de Porto Alegre,Osório,Porto Alegre
4301651,Barão,Metropolitana de Porto Alegre,Montenegro,Caxias do Sul
4301701,Barão de Cotegipe,Noroeste Rio-grandense,Erechim,Passo Fundo
4301750,Barão do Triunfo,Metropolitana de Porto Alegre,São Jerônimo,Porto Alegre
4301800,Barracão,Noroeste Rio-grandense,Sananduva,Passo Fundo
4301859,Barra do Guarita,Noroeste Rio-grandense,Três Passos,Ijuí
4301875,Barra do Quaraí,Sudoeste Rio-grandense,Campanha Ocidental,Uruguaiana
4301909,Barra do Ribeiro,Metropolitana de Porto Alegre,Camaquã,Porto Alegre
4301925,Barra do Rio Azul,Noroeste Rio-grandense,Erechim,Passo Fundo
4301958,Barra Funda,Noroeste Rio-grandense,Carazinho,Passo Fundo
4302006,Barros Cassal,Noroeste Rio-grandense,Soledade,Passo Fundo
4302055,Benjamin Constant do Sul,Noroeste Rio-grandense,Erechim,Passo Fundo
4302105,Bento Gonçalves,Nordeste Rio-grandense,Caxias do Sul,Caxias do Sul
4302154,Boa Vista das Missões,Noroeste Rio-grandense,Carazinho,Passo Fundo
4302204,Boa Vista do Buricá,Noroeste Rio-grandense,Três Passos,Ijuí
4302220,Boa Vista do Cadeado,Noroeste Rio-grandense,Cruz Alta,Passo Fundo
4302238,Boa Vista do Incra,Noroeste Rio-grandense,Cruz Alta,Passo Fundo
4302253,Boa Vista do Sul,Nordeste Rio-grandense,Caxias do Sul,Caxias do Sul
4302303,Bom Jesus,Nordeste Rio-grandense,Vacaria,Caxias do Sul
4302352,Bom Princípio,Metropolitana de Porto Alegre,Montenegro,Porto Alegre
4302378,Bom Progresso,Noroeste Rio-grandense,Três Passos,Ijuí
4302402,Bom Retiro do Sul,Centro Oriental Rio-grandense,Lajeado-Estrela,Santa Cruz do Sul - Lajeado
4302451,Boqueirão do Leão,Centro Oriental Rio-grandense,Lajeado-Estrela,Santa Cruz do Sul - Lajeado
4302501,Bossoroca,Noroeste Rio-grandense,Santo Ângelo,Ijuí
4302584,Bozano,Noroeste Rio-grandense,Ijuí,Ijuí
4302600,Braga,Noroeste Rio-grandense,Três Passos,Ijuí
4302659,Brochier,Metropolitana de Porto Alegre,Montenegro,Porto Alegre
4302709,Butiá,Metropolitana de Porto Alegre,São Jerônimo,Porto Alegre
4302808,Caçapava do Sul,Sudeste Rio-grandense,Serras de Sudeste,Santa Maria
4302907,Cacequi,Centro Ocidental Rio-grandense,Santa Maria,Santa Maria
4303004,Cachoeira do Sul,Centro Oriental Rio-grandense,Cachoeira do Sul,Santa Maria
4303103,Cachoeirinha,Metropolitana de Porto Alegre,Porto Alegre,Porto Alegre
4303202,Cacique Doble,Noroeste Rio-grandense,Sananduva,Passo Fundo
4303301,Caibaté,Noroeste Rio-grandense,Cerro Largo,Ijuí
4303400,Caiçara,Noroeste Rio-grandense,Frederico Westphalen,Passo Fundo
4303509,Camaquã,Metropolitana de Porto Alegre,Camaquã,Porto Alegre
4303558,Camargo,Noroeste Rio-grandense,Passo Fundo,Passo Fundo
4303608,Cambará do Sul,Nordeste Rio-grandense,Vacaria,Caxias do Sul
4303673,Campestre da Serra,Nordeste Rio-grandense,Vacaria,Caxias do Sul
4303707,Campina das Missões,Noroeste Rio-grandense,Cerro Largo,Ijuí
4303806,Campinas do Sul,Noroeste Rio-grandense,Erechim,Passo Fundo
4303905,Campo Bom,Metropolitana de Porto Alegre,Porto Alegre,Porto Alegre
4304002,Campo Novo,Noroeste Rio-grandense,Três Passos,Ijuí
4304101,Campos Borges,Noroeste Rio-grandense,Cruz Alta,Passo Fundo
4304200,Candelária,Centro Oriental Rio-grandense,Santa Cruz do Sul,Santa Cruz do Sul - Lajeado
4304309,Cândido Godói,Noroeste Rio-grandense,Santa Rosa,Ijuí
4304358,Candiota,Sudeste Rio-grandense,Serras de Sudeste,Pelotas
4304408,Canela,Metropolitana de Porto Alegre,Gramado-Canela,Caxias do Sul
4304507,Canguçu,Sudeste Rio-grandense,Pelotas,Pelotas
4304606,Canoas,Metropolitana de Porto Alegre,Porto Alegre,Porto Alegre
4304614,Canudos do Vale,Centro Oriental Rio-grandense,Lajeado-Estrela,Santa Cruz do Sul - Lajeado
4304622,Capão Bonito do Sul,Nordeste Rio-grandense,Vacaria,Passo Fundo
4304630,Capão da Canoa,Metropolitana de Porto Alegre,Osório,Porto Alegre
4304655,Capão do Cipó,Centro Ocidental Rio-grandense,Santiago,Santa Maria
4304663,Capão do Leão,Sudeste Rio-grandense,Pelotas,Pelotas
4304671,Capivari do Sul,Metropolitana de Porto Alegre,Osório,Porto Alegre
4304689,Capela de Santana,Metropolitana de Porto Alegre,Montenegro,Porto Alegre
4304697,Capitão,Centro Oriental Rio-grandense,Lajeado-Estrela,Santa Cruz do Sul - Lajeado
4304705,Carazinho,Noroeste Rio-grandense,Carazinho,Passo Fundo
4304713,Caraá,Metropolitana de Porto Alegre,Osório,Porto Alegre
4304804,Carlos Barbosa,Nordeste Rio-grandense,Caxias do Sul,Caxias do Sul
4304853,Carlos Gomes,Noroeste Rio-grandense,Erechim,Passo Fundo
4304903,Casca,Noroeste Rio-grandense,Passo Fundo,Passo Fundo
4304952,Caseiros,Noroeste Rio-grandense,Passo Fundo,Passo Fundo
4305009,Catuípe,Noroeste Rio-grandense,Santo Ângelo,Ijuí
4305108,Caxias do Sul,Nordeste Rio-grandense,Caxias do Sul,Caxias do Sul
4305116,Centenário,Noroeste Rio-grandense,Erechim,Passo Fundo
4305124,Cerrito,Sudeste Rio-grandense,Pelotas,Pelotas
4305132,Cerro Branco,Centro Oriental Rio-grandense,Cachoeira do Sul,Santa Maria
4305157,Cerro Grande,Noroeste Rio-grandense,Carazinho,Passo Fundo
4305173,Cerro Grande do Sul,Metropolitana de Porto Alegre,Camaquã,Porto Alegre
4305207,Cerro Largo,Noroeste Rio-grandense,Cerro Largo,Ijuí
4305306,Chapada,Noroeste Rio-grandense,Carazinho,Passo Fundo
4305355,Charqueadas,Metropolitana de Porto Alegre,São Jerônimo,Porto Alegre
4305371,Charrua,Noroeste Rio-grandense,Passo Fundo,Passo Fundo
4305405,Chiapetta,Noroeste Rio-grandense,Ijuí,Ijuí
4305439,Chuí,Sudeste Rio-grandense,Litoral Lagunar,Pelotas
4305447,Chuvisca,Metropolitana de Porto Alegre,Camaquã,Porto Alegre
4305454,Cidreira,Metropolitana de Porto Alegre,Osório,Porto Alegre
4305504,Ciríaco,Noroeste Rio-grandense,Passo Fundo,Passo Fundo
4305587,Colinas,Centro Oriental Rio-grandense,Lajeado-Estrela,Santa Cruz do Sul - Lajeado
4305603,Colorado,Noroeste Rio-grandense,Não-Me-Toque,Passo Fundo
4305702,Condor,Noroeste Rio-grandense,Ijuí,Ijuí
4305801,Constantina,Noroeste Rio-grandense,Frederico Westphalen,Passo Fundo
4305835,Coqueiro Baixo,Centro Oriental Rio-grandense,Lajeado-Estrela,Santa Cruz do Sul - Lajeado
4305850,Coqueiros do Sul,Noroeste Rio-grandense,Carazinho,Passo Fundo
4305871,Coronel Barros,Noroeste Rio-grandense,Ijuí,Ijuí
4305900,Coronel Bicaco,Noroeste Rio-grandense,Ijuí,Ijuí
4305934,Coronel Pilar,Nordeste Rio-grandense,Caxias do Sul,Caxias do Sul
4305959,Cotiporã,Nordeste Rio-grandense,Caxias do Sul,Caxias do Sul
4305975,Coxilha,Noroeste Rio-grandense,Passo Fundo,Passo Fundo
4306007,Crissiumal,Noroeste Rio-grandense,Três Passos,Ijuí
4306056,Cristal,Sudeste Rio-grandense,Pelotas,Porto Alegre
4306072,Cristal do Sul,Noroeste Rio-grandense,Frederico Westphalen,Passo Fundo
4306106,Cruz Alta,Noroeste Rio-grandense,Cruz Alta,Passo Fundo
4306130,Cruzaltense,Noroeste Rio-grandense,Erechim,Passo Fundo
4306205,Cruzeiro do Sul,Centro Oriental Rio-grandense,Lajeado-Estrela,Santa Cruz do Sul - Lajeado
4306304,David Canabarro,Noroeste Rio-grandense,Passo Fundo,Passo Fundo
4306320,Derrubadas,Noroeste Rio-grandense,Três Passos,Ijuí
4306353,Dezesseis de Novembro,Noroeste Rio-grandense,Santo Ângelo,Ijuí
4306379,Dilermando de Aguiar,Centro Ocidental Rio-grandense,Santa Maria,Santa Maria
4306403,Dois Irmãos,Metropolitana de Porto Alegre,Gramado-Canela,Porto Alegre
4306429,Dois Irmãos das Missões,Noroeste Rio-grandense,Frederico Westphalen,Passo Fundo
4306452,Dois Lajeados,Nordeste Rio-grandense,Guaporé,Caxias do Sul
4306502,Dom Feliciano,Metropolitana de Porto Alegre,Camaquã,Porto Alegre
4306551,Dom Pedro de Alcântara,Metropolitana de Porto Alegre,Osório,Porto Alegre
4306601,Dom Pedrito,Sudoeste Rio-grandense,Campanha Meridional,Pelotas
4306700,Dona Francisca,Centro Ocidental Rio-grandense,Restinga Seca,Santa Maria
4306734,Doutor Maurício Cardoso,Noroeste Rio-grandense,Três Passos,Ijuí
4306759,Doutor Ricardo,Centro Oriental Rio-grandense,Lajeado-Estrela,Santa Cruz do Sul - Lajeado
4306767,Eldorado do Sul,Metropolitana de Porto Alegre,Porto Alegre,Porto Alegre
4306809,Encantado,Centro Oriental Rio-grandense,Lajeado-Estrela,Santa Cruz do Sul - Lajeado
4306908,Encruzilhada do Sul,Sudeste Rio-grandense,Serras de Sudeste,Santa Cruz do Sul - Lajeado
4306924,Engenho Velho,Noroeste Rio-grandense,Frederico Westphalen,Passo Fundo
4306932,Entre-Ijuís,Noroeste Rio-grandense,Santo Ângelo,Ijuí
4306957,Entre Rios do Sul,Noroeste Rio-grandense,Erechim,Passo Fundo
4306973,Erebango,Noroeste Rio-grandense,Erechim,Passo Fundo
4307005,Erechim,Noroeste Rio-grandense,Erechim,Passo Fundo
4307054,Ernestina,Noroeste Rio-grandense,Passo Fundo,Passo Fundo
4307104,Herval,Sudeste Rio-grandense,Jaguarão,Pelotas
4307203,Erval Grande,Noroeste Rio-grandense,Erechim,Passo Fundo
4307302,Erval Seco,Noroeste Rio-grandense,Frederico Westphalen,Passo Fundo
4307401,Esmeralda,Nordeste Rio-grandense,Vacaria,Caxias do Sul
4307450,Esperança do Sul,Noroeste Rio-grandense,Três Passos,Ijuí
4307500,Espumoso,Noroeste Rio-grandense,Cruz Alta,Passo Fundo
4307559,Estação,Noroeste Rio-grandense,Erechim,Passo Fundo
4307609,Estância Velha,Metropolitana de Porto Alegre,Porto Alegre,Porto Alegre
4307708,Esteio,Metropolitana de Porto Alegre,Porto Alegre,Porto Alegre
4307807,Estrela,Centro Oriental Rio-grandense,Lajeado-Estrela,Santa Cruz do Sul - Lajeado
4307815,Estrela Velha,Centro Oriental Rio-grandense,Santa Cruz do Sul,Santa Cruz do Sul - Lajeado
4307831,Eugênio de Castro,Noroeste Rio-grandense,Santo Ângelo,Ijuí
4307864,Fagundes Varela,Nordeste Rio-grandense,Caxias do Sul,Caxias do Sul
4307906,Farroupilha,Nordeste Rio-grandense,Caxias do Sul,Caxias do Sul
4308003,Faxinal do Soturno,Centro Ocidental Rio-grandense,Restinga Seca,Santa Maria
4308052,Faxinalzinho,Noroeste Rio-grandense,Erechim,Passo Fundo
4308078,Fazenda Vilanova,Centro Oriental Rio-grandense,Lajeado-Estrela,Santa Cruz do Sul - Lajeado
4308102,Feliz,Metropolitana de Porto Alegre,Montenegro,Caxias do Sul
4308201,Flores da Cunha,Nordeste Rio-grandense,Caxias do Sul,Caxias do Sul
4308250,Floriano Peixoto,Noroeste Rio-grandense,Erechim,Passo Fundo
4308300,Fontoura Xavier,Noroeste Rio-grandense,Soledade,Passo Fundo
4308409,Formigueiro,Centro Ocidental Rio-grandense,Restinga Seca,Santa Maria
4308433,Forquetinha,Centro Oriental Rio-grandense,Lajeado-Estrela,Santa Cruz do Sul - Lajeado
4308458,Fortaleza dos Valos,Noroeste Rio-grandense,Cruz Alta,Passo Fundo
4308508,Frederico Westphalen,Noroeste Rio-grandense,Frederico Westphalen,Passo Fundo
4308607,Garibaldi,Nordeste Rio-grandense,Caxias do Sul,Caxias do Sul
4308656,Garruchos,Sudoeste Rio-grandense,Campanha Ocidental,Ijuí
4308706,Gaurama,Noroeste Rio-grandense,Erechim,Passo Fundo
4308805,General Câmara,Metropolitana de Porto Alegre,São Jerônimo,Porto Alegre
4308854,Gentil,Noroeste Rio-grandense,Passo Fundo,Passo Fundo
4308904,Getúlio Vargas,Noroeste Rio-grandense,Erechim,Passo Fundo
4309001,Giruá,Noroeste Rio-grandense,Santo Ângelo,Ijuí
4309050,Glorinha,Metropolitana de Porto Alegre,Porto Alegre,Porto Alegre
4309100,Gramado,Metropolitana de Porto Alegre,Gramado-Canela,Caxias do Sul
4309126,Gramado dos Loureiros,Noroeste Rio-grandense,Frederico Westphalen,Passo Fundo
4309159,Gramado Xavier,Centro Oriental Rio-grandense,Santa Cruz do Sul,Santa Cruz do Sul - Lajeado
4309209,Gravataí,Metropolitana de Porto Alegre,Porto Alegre,Porto Alegre
4309258,Guabiju,Nordeste Rio-grandense,Guaporé,Caxias do Sul
4309308,Guaíba,Metropolitana de Porto Alegre,Porto Alegre,Porto Alegre
4309407,Guaporé,Nordeste Rio-grandense,Guaporé,Caxias do Sul
4309506,Guarani das Missões,Noroeste Rio-grandense,Cerro Largo,Ijuí
4309555,Harmonia,Metropolitana de Porto Alegre,Montenegro,Porto Alegre
4309571,Herveiras,Centro Oriental Rio-grandense,Santa Cruz do Sul,Santa Cruz do Sul - Lajeado
4309605,Horizontina,Noroeste Rio-grandense,Três Passos,Ijuí
4309654,Hulha Negra,Sudoeste Rio-grandense,Campanha Meridional,Pelotas
4309704,Humaitá,Noroeste Rio-grandense,Três Passos,Ijuí
4309753,Ibarama,Centro Oriental Rio-grandense,Santa Cruz do Sul,Santa Cruz do Sul - Lajeado
4309803,Ibiaçá,Noroeste Rio-grandense,Sananduva,Passo Fundo
4309902,Ibiraiaras,Noroeste Rio-grandense,Passo Fundo,Passo Fundo
4309951,Ibirapuitã,Noroeste Rio-grandense,Soledade,Passo Fundo
4310009,Ibirubá,Noroeste Rio-grandense,Cruz Alta,Passo Fundo
4310108,Igrejinha,Metropolitana de Porto Alegre,Gramado-Canela,Porto Alegre
4310207,Ijuí,Noroeste Rio-grandense,Ijuí,Ijuí
4310306,Ilópolis,Nordeste Rio-grandense,Guaporé,Santa Cruz do Sul - Lajeado
4310330,Imbé,Metropolitana de Porto Alegre,Osório,Porto Alegre
4310363,Imigrante,Centro Oriental Rio-grandense,Lajeado-Estrela,Santa Cruz do Sul - Lajeado
4310405,Independência,Noroeste Rio-grandense,Santa Rosa,Ijuí
4310413,Inhacorá,Noroeste Rio-grandense,Ijuí,Ijuí
4310439,Ipê,Nordeste Rio-grandense,Vacaria,Caxias do Sul
4310462,Ipiranga do Sul,Noroeste Rio-grandense,Erechim,Passo Fundo
4310504,Iraí,Noroeste Rio-grandense,Frederico Westphalen,Passo Fundo
4310538,Itaara,Centro Ocidental Rio-grandense,Santa Maria,Santa Maria
4310553,Itacurubi,Centro Ocidental Rio-grandense,Santiago,Santa Maria
4310579,Itapuca,Nordeste Rio-grandense,Guaporé,Passo Fundo
4310603,Itaqui,Sudoeste Rio-grandense,Campanha Ocidental,Uruguaiana
4310652,Itati,Metropolitana de Porto Alegre,Osório,Porto Alegre
4310702,Itatiba do Sul,Noroeste Rio-grandense,Erechim,Passo Fundo
4310751,Ivorá,Centro Ocidental Rio-grandense,Restinga Seca,Santa Maria
4310801,Ivoti,Metropolitana de Porto Alegre,Gramado-Canela,Porto Alegre
4310850,Jaboticaba,Noroeste Rio-grandense,Carazinho,Passo Fundo
4310876,Jacuizinho,Noroeste Rio-grandense,Cruz Alta,Passo Fundo
4310900,Jacutinga,Noroeste Rio-grandense,Erechim,Passo Fundo
4311007,Jaguarão,Sudeste Rio-grandense,Jaguarão,Pelotas
4311106,Jaguari,Centro Ocidental Rio-grandense,Santa Maria,Santa Maria
4311122,Jaquirana,Nordeste Rio-grandense,Vacaria,Caxias do Sul
4311130,Jari,Centro Ocidental Rio-grandense,Santiago,Santa Maria
4311155,Jóia,Noroeste Rio-grandense,Cruz Alta,Ijuí
4311205,Júlio de Castilhos,Centro Ocidental Rio-grandense,Santiago,Santa Maria
4311239,Lagoa Bonita do Sul,Centro Oriental Rio-grandense,Santa Cruz do Sul,Santa Cruz do Sul - Lajeado
4311254,Lagoão,Noroeste Rio-grandense,Soledade,Santa Cruz do Sul - Lajeado
4311270,Lagoa dos Três Cantos,Noroeste Rio-grandense,Não-Me-Toque,Passo Fundo
4311304,Lagoa Vermelha,Nordeste Rio-grandense,Vacaria,Passo Fundo
4311403,Lajeado,Centro Oriental Rio-grandense,Lajeado-Estrela,Santa Cruz do Sul - Lajeado
4311429,Lajeado do Bugre,Noroeste Rio-grandense,Carazinho,Passo Fundo
4311502,Lavras do Sul,Sudoeste Rio-grandense,Campanha Meridional,Santa Maria
4311601,Liberato Salzano,Noroeste Rio-grandense,Frederico Westphalen,Passo Fundo
4311627,Lindolfo Collor,Metropolitana de Porto Alegre,Gramado-Canela,Porto Alegre
4311643,Linha Nova,Metropolitana de Porto Alegre,Montenegro,Porto Alegre
4311700,Machadinho,Noroeste Rio-grandense,Sananduva,Passo Fundo
4311718,Maçambará,Sudoeste Rio-grandense,Campanha Ocidental,Uruguaiana
4311734,Mampituba,Metropolitana de Porto Alegre,Osório,Porto Alegre
4311759,Manoel Viana,Sudoeste Rio-grandense,Campanha Ocidental,Uruguaiana
4311775,Maquiné,Metropolitana de Porto Alegre,Osório,Porto Alegre
4311791,Maratá,Metropolitana de Porto Alegre,Montenegro,Porto Alegre
4311809,Marau,Noroeste Rio-grandense,Passo Fundo,Passo Fundo
4311908,Marcelino Ramos,Noroeste Rio-grandense,Erechim,Passo Fundo
4311981,Mariana Pimentel,Metropolitana de Porto Alegre,Porto Alegre,Porto Alegre
4312005,Mariano Moro,Noroeste Rio-grandense,Erechim,Passo Fundo
4312054,Marques de Souza,Centro Oriental Rio-grandense,Lajeado-Estrela,Santa Cruz do Sul - Lajeado
4312104,Mata,Centro Ocidental Rio-grandense,Santa Maria,Santa Maria
4312138,Mato Castelhano,Noroeste Rio-grandense,Passo Fundo,Passo Fundo
4312153,Mato Leitão,Centro Oriental Rio-grandense,Santa Cruz do Sul,Santa Cruz do Sul - Lajeado
4312179,Mato Queimado,Noroeste Rio-grandense,Cerro Largo,Ijuí
4312203,Maximiliano de Almeida,Noroeste Rio-grandense,Sananduva,Passo Fundo
4312252,Minas do Leão,Metropolitana de Porto Alegre,São Jerônimo,Porto Alegre
4312302,Miraguaí,Noroeste Rio-grandense,Três Passos,Ijuí
4312351,Montauri,Nordeste Rio-grandense,Guaporé,Caxias do Sul
4312377,Monte Alegre dos Campos,Nordeste Rio-grandense,Vacaria,Caxias do Sul
4312385,Monte Belo do Sul,Nordeste Rio-grandense,Caxias do Sul,Caxias do Sul
4312401,Montenegro,Metropolitana de Porto Alegre,Montenegro,Porto Alegre
4312427,Mormaço,Noroeste Rio-grandense,Soledade,Passo Fundo
4312443,Morrinhos do Sul,Metropolitana de Porto Alegre,Osório,Porto Alegre
4312450,Morro Redondo,Sudeste Rio-grandense,Pelotas,Pelotas
4312476,Morro Reuter,Metropolitana de Porto Alegre,Gramado-Canela,Porto Alegre
4312500,Mostardas,Metropolitana de Porto Alegre,Osório,Porto Alegre
4312609,Muçum,Centro Oriental Rio-grandense,Lajeado-Estrela,Santa Cruz do Sul - Lajeado
4312617,Muitos Capões,Nordeste Rio-grandense,Vacaria,Caxias do Sul
4312625,Muliterno,Noroeste Rio-grandense,Passo Fundo,Passo Fundo
4312658,Não-Me-Toque,Noroeste Rio-grandense,Não-Me-Toque,Passo Fundo
4312674,Nicolau Vergueiro,Noroeste Rio-grandense,Passo Fundo,Passo Fundo
4312708,Nonoai,Noroeste Rio-grandense,Frederico Westphalen,Passo Fundo
4312757,Nova Alvorada,Nordeste Rio-grandense,Guaporé,Passo Fundo
4312807,Nova Araçá,Nordeste Rio-grandense,Guaporé,Caxias do Sul
4312906,Nova Bassano,Nordeste Rio-grandense,Guaporé,Caxias do Sul
4312955,Nova Boa Vista,Noroeste Rio-grandense,Carazinho,Passo Fundo
4313003,Nova Bréscia,Centro Oriental Rio-grandense,Lajeado-Estrela,Santa Cruz do Sul - Lajeado
4313011,Nova Candelária,Noroeste Rio-grandense,Três Passos,Ijuí
4313037,Nova Esperança do Sul,Centro Ocidental Rio-grandense,Santa Maria,Santa Maria
4313060,Nova Hartz,Metropolitana de Porto Alegre,Porto Alegre,Porto Alegre
4313086,Nova Pádua,Nordeste Rio-grandense,Caxias do Sul,Caxias do Sul
4313102,Nova Palma,Centro Ocidental Rio-grandense,Restinga Seca,Santa Maria
4313201,Nova Petrópolis,Metropolitana de Porto Alegre,Gramado-Canela,Caxias do Sul
4313300,Nova Prata,Nordeste Rio-grandense,Guaporé,Caxias do Sul
4313334,Nova Ramada,Noroeste Rio-grandense,Ijuí,Ijuí
4313359,Nova Roma do Sul,Nordeste Rio-grandense,Caxias do Sul,Caxias do Sul
4313375,Nova Santa Rita,Metropolitana de Porto Alegre,Porto Alegre,Porto Alegre
4313391,Novo Cabrais,Centro Oriental Rio-grandense,Cachoeira do Sul,Santa Maria
4313409,Novo Hamburgo,Metropolitana de Porto Alegre,Porto Alegre,Porto Alegre
4313425,Novo Machado,Noroeste Rio-grandense,Santa Rosa,Ijuí
4313441,Novo Tiradentes,Noroeste Rio-grandense,Frederico Westphalen,Passo Fundo
4313466,Novo Xingu,Noroeste Rio-grandense,Frederico Westphalen,Passo Fundo
4313490,Novo Barreiro,Noroeste Rio-grandense,Carazinho,Passo Fundo
4313508,Osório,Metropolitana de Porto Alegre,Osório,Porto Alegre
4313607,Paim Filho,Noroeste Rio-grandense,Sananduva,Passo Fundo
4313656,Palmares do Sul,Metropolitana de Porto Alegre,Osório,Porto Alegre
4313706,Palmeira das Missões,Noroeste Rio-grandense,Carazinho,Passo Fundo
4313805,Palmitinho,Noroeste Rio-grandense,Frederico Westphalen,Passo Fundo
4313904,Panambi,Noroeste Rio-grandense,Ijuí,Ijuí
4313953,Pantano Grande,Centro Oriental Rio-grandense,Cachoeira do Sul,Santa Cruz do Sul - Lajeado
4314001,Paraí,Nordeste Rio-grandense,Guaporé,Caxias do Sul
4314027,Paraíso do Sul,Centro Oriental Rio-grandense,Cachoeira do Sul,Santa Maria
4314035,Pareci Novo,Metropolitana de Porto Alegre,Montenegro,Porto Alegre
4314050,Parobé,Metropolitana de Porto Alegre,Porto Alegre,Porto Alegre
4314068,Passa Sete,Centro Oriental Rio-grandense,Santa Cruz do Sul,Santa Cruz do Sul - Lajeado
4314076,Passo do Sobrado,Centro Oriental Rio-grandense,Cachoeira do Sul,Santa Cruz do Sul - Lajeado
4314100,Passo Fundo,Noroeste Rio-grandense,Passo Fundo,Passo Fundo
4314134,Paulo Bento,Noroeste Rio-grandense,Erechim,Passo Fundo
4314159,Paverama,Centro Oriental Rio-grandense,Lajeado-Estrela,Santa Cruz do Sul - Lajeado
4314175,Pedras Altas,Sudeste Rio-grandense,Serras de Sudeste,Pelotas
4314209,Pedro Osório,Sudeste Rio-grandense,Pelotas,Pelotas
4314308,Pejuçara,Noroeste Rio-grandense,Ijuí,Ijuí
4314407,Pelotas,Sudeste Rio-grandense,Pelotas,Pelotas
4314423,Picada Café,Metropolitana de Porto Alegre,Gramado-Canela,Caxias do Sul
4314456,Pinhal,Noroeste Rio-grandense,Carazinho,Passo Fundo
4314464,Pinhal da Serra,Nordeste Rio-grandense,Vacaria,Caxias do Sul
4314472,Pinhal Grande,Centro Ocidental Rio-grandense,Santiago,Santa Maria
4314498,Pinheirinho do Vale,Noroeste Rio-grandense,Frederico Westphalen,Passo Fundo
4314506,Pinheiro Machado,Sudeste Rio-grandense,Serras de Sudeste,Pelotas
4314548,Pinto Bandeira,Nordeste Rio-grandense,Caxias do Sul,Caxias do Sul
4314555,Pirapó,Noroeste Rio-grandense,Santo Ângelo,Ijuí
4314605,Piratini,Sudeste Rio-grandense,Serras de Sudeste,Pelotas
4314704,Planalto,Noroeste Rio-grandense,Frederico Westphalen,Passo Fundo
4314753,Poço das Antas,Metropolitana de Porto Alegre,Montenegro,Santa Cruz do Sul - Lajeado
4314779,Pontão,Noroeste Rio-grandense,Passo Fundo,Passo Fundo
4314787,Ponte Preta,Noroeste Rio-grandense,Erechim,Passo Fundo
4314803,Portão,Metropolitana de Porto Alegre,Montenegro,Porto Alegre
4314902,Porto Alegre,Metropolitana de Porto Alegre,Porto Alegre,Porto Alegre
4315008,Porto Lucena,Noroeste Rio-grandense,Santa Rosa,Ijuí
4315057,Porto Mauá,Noroeste Rio-grandense,Santa Rosa,Ijuí
4315073,Porto Vera Cruz,Noroeste Rio-grandense,Santa Rosa,Ijuí
4315107,Porto Xavier,Noroeste Rio-grandense,Cerro Largo,Ijuí
4315131,Pouso Novo,Centro Oriental Rio-grandense,Lajeado-Estrela,Santa Cruz do Sul - Lajeado
4315149,Presidente Lucena,Metropolitana de Porto Alegre,Gramado-Canela,Porto Alegre
4315156,Progresso,Centro Oriental Rio-grandense,Lajeado-Estrela,Santa Cruz do Sul - Lajeado
4315172,Protásio Alves,Nordeste Rio-grandense,Guaporé,Caxias do Sul
4315206,Putinga,Nordeste Rio-grandense,Guaporé,Santa Cruz do Sul - Lajeado
4315305,Quaraí,Sudoeste Rio-grandense,Campanha Ocidental,Uruguaiana
4315313,Quatro Irmãos,Noroeste Rio-grandense,Erechim,Passo Fundo
4315321,Quevedos,Centro Ocidental Rio-grandense,Santiago,Santa Maria
4315354,Quinze de Novembro,Noroeste Rio-grandense,Cruz Alta,Passo Fundo
4315404,Redentora,Noroeste Rio-grandense,Três Passos,Ijuí
4315453,Relvado,Centro Oriental Rio-grandense,Lajeado-Estrela,Santa Cruz do Sul - Lajeado
4315503,Restinga Sêca,Centro Ocidental Rio-grandense,Restinga Seca,Santa Maria
4315552,Rio dos Índios,Noroeste Rio-grandense,Frederico Westphalen,Passo Fundo
4315602,Rio Grande,Sudeste Rio-grandense,Litoral Lagunar,Pelotas
4315701,Rio Pardo,Centro Oriental Rio-grandense,Cachoeira do Sul,Santa Cruz do Sul - Lajeado
4315750,Riozinho,Metropolitana de Porto Alegre,Gramado-Canela,Porto Alegre
4315800,Roca Sales,Centro Oriental Rio-grandense,Lajeado-Estrela,Santa Cruz do Sul - Lajeado
4315909,Rodeio Bonito,Noroeste Rio-grandense,Frederico Westphalen,Passo Fundo
4315958,Rolador,Noroeste Rio-grandense,Santo Ângelo,Ijuí
4316006,Rolante,Metropolitana de Porto Alegre,Gramado-Canela,Porto Alegre
4316105,Ronda Alta,Noroeste Rio-grandense,Passo Fundo,Passo Fundo
4316204,Rondinha,Noroeste Rio-grandense,Frederico Westphalen,Passo Fundo
4316303,Roque Gonzales,Noroeste Rio-grandense,Cerro Largo,Ijuí
4316402,Rosário do Sul,Sudoeste Rio-grandense,Campanha Central,Uruguaiana
4316428,Sagrada Família,Noroeste Rio-grandense,Carazinho,Passo Fundo
4316436,Saldanha Marinho,Noroeste Rio-grandense,Cruz Alta,Passo Fundo
4316451,Salto do Jacuí,Noroeste Rio-grandense,Cruz Alta,Passo Fundo
4316477,Salvador das Missões,Noroeste Rio-grandense,Cerro Largo,Ijuí
4316501,Salvador do Sul,Metropolitana de Porto Alegre,Montenegro,Porto Alegre
4316600,Sananduva,Noroeste Rio-grandense,Sananduva,Passo Fundo
4316709,Santa Bárbara do Sul,Noroeste Rio-grandense,Cruz Alta,Passo Fundo
4316733,Santa Cecília do Sul,Noroeste Rio-grandense,Passo Fundo,Passo Fundo
4316758,Santa Clara do Sul,Centro Oriental Rio-grandense,Lajeado-Estrela,Santa Cruz do Sul - Lajeado
4316808,Santa Cruz do Sul,Centro Oriental Rio-grandense,Santa Cruz do Sul,Santa Cruz do Sul - Lajeado
4316907,Santa Maria,Centro Ocidental Rio-grandense,Santa Maria,Santa Maria
4316956,Santa Maria do Herval,Metropolitana de Porto Alegre,Gramado-Canela,Porto Alegre
4316972,Santa Margarida do Sul,Sudoeste Rio-grandense,Campanha Central,Santa Maria
4317004,Santana da Boa Vista,Sudeste Rio-grandense,Serras de Sudeste,Santa Maria
4317103,Sant'Ana do Livramento,Sudoeste Rio-grandense,Campanha Central,Uruguaiana
4317202,Santa Rosa,Noroeste Rio-grandense,Santa Rosa,Ijuí
4317251,Santa Tereza,Nordeste Rio-grandense,Caxias do Sul,Caxias do Sul
4317301,Santa Vitória do Palmar,Sudeste Rio-grandense,Litoral Lagunar,Pelotas
4317400,Santiago,Centro Ocidental Rio-grandense,Santiago,Santa Maria
4317509,Santo Ângelo,Noroeste Rio-grandense,Santo Ângelo,Ijuí
4317558,Santo Antônio do Palma,Noroeste Rio-grandense,Passo Fundo,Passo Fundo
4317608,Santo Antônio da Patrulha,Metropolitana de Porto Alegre,Osório,Porto Alegre
4317707,Santo Antônio das Missões,Noroeste Rio-grandense,Santo Ângelo,Ijuí
4317756,Santo Antônio do Planalto,Noroeste Rio-grandense,Carazinho,Passo Fundo
4317806,Santo Augusto,Noroeste Rio-grandense,Ijuí,Ijuí
4317905,Santo Cristo,Noroeste Rio-grandense,Santa Rosa,Ijuí
4317954,Santo Expedito do Sul,Noroeste Rio-grandense,Sananduva,Passo Fundo
4318002,São Borja,Sudoeste Rio-grandense,Campanha Ocidental,Uruguaiana
4318051,São Domingos do Sul,Noroeste Rio-grandense,Passo Fundo,Passo Fundo
4318101,São Francisco de Assis,Sudoeste Rio-grandense,Campanha Ocidental,Santa Maria
4318200,São Francisco de Paula,Nordeste Rio-grandense,Vacaria,Caxias do Sul
4318309,São Gabriel,Sudoeste Rio-grandense,Campanha Central,Santa Maria
4318408,São Jerônimo,Metropolitana de Porto Alegre,São Jerônimo,Porto Alegre
4318424,São João da Urtiga,Noroeste Rio-grandense,Sananduva,Passo Fundo
4318432,São João do Polêsine,Centro Ocidental Rio-grandense,Restinga Seca,Santa Maria
4318440,São Jorge,Nordeste Rio-grandense,Guaporé,Caxias do Sul
4318457,São José das Missões,Noroeste Rio-grandense,Carazinho,Passo Fundo
4318465,São José do Herval,Noroeste Rio-grandense,Soledade,Passo Fundo
4318481,São José do Hortêncio,Metropolitana de Porto Alegre,Montenegro,Porto Alegre
4318499,São José do Inhacorá,Noroeste Rio-grandense,Santa Rosa,Ijuí
4318507,São José do Norte,Sudeste Rio-grandense,Litoral Lagunar,Pelotas
4318606,São José do Ouro,Noroeste Rio-grandense,Sananduva,Passo Fundo
4318614,São José do Sul,Metropolitana de Porto Alegre,Montenegro,Porto Alegre
4318622,São José dos Ausentes,Nordeste Rio-grandense,Vacaria,Caxias do Sul
4318705,São Leopoldo,Metropolitana de Porto Alegre,Porto Alegre,Porto Alegre
4318804,São Lourenço do Sul,Sudeste Rio-grandense,Pelotas,Pelotas
4318903,São Luiz Gonzaga,Noroeste Rio-grandense,Santo Ângelo,Ijuí
4319000,São Marcos,Nordeste Rio-grandense,Caxias do Sul,Caxias do Sul
4319109,São Martinho,Noroeste Rio-grandense,Três Passos,Ijuí
4319125,São Martinho da Serra,Centro Ocidental Rio-grandense,Santa Maria,Santa Maria
4319158,São Miguel das Missões,Noroeste Rio-grandense,Santo Ângelo,Ijuí
4319208,São Nicolau,Noroeste Rio-grandense,Santo Ângelo,Ijuí
4319307,São Paulo das Missões,Noroeste Rio-grandense,Cerro Largo,Ijuí
4319356,São Pedro da Serra,Metropolitana de Porto Alegre,Montenegro,Porto Alegre
4319364,São Pedro das Missões,Noroeste Rio-grandense,Carazinho,Passo Fundo
4319372,São Pedro do Butiá,Noroeste Rio-grandense,Cerro Largo,Ijuí
4319406,São Pedro do Sul,Centro Ocidental Rio-grandense,Santa Maria,Santa Maria
4319505,São Sebastião do Caí,Metropolitana de Porto Alegre,Montenegro,Porto Alegre
4319604,São Sepé,Centro Ocidental Rio-grandense,Santa Maria,Santa Maria
4319703,São Valentim,Noroeste Rio-grandense,Erechim,Passo Fundo
4319711,São Valentim do Sul,Nordeste Rio-grandense,Guaporé,Caxias do Sul
4319737,São Valério do Sul,Noroeste Rio-grandense,Ijuí,Ijuí
4319752,São Vendelino,Metropolitana de Porto Alegre,Montenegro,Porto Alegre
4319802,São Vicente do Sul,Centro Ocidental Rio-grandense,Santa Maria,Santa Maria
4319901,Sapiranga,Metropolitana de Porto Alegre,Porto Alegre,Porto Alegre
4320008,Sapucaia do Sul,Metropolitana de Porto Alegre,Porto Alegre,Porto Alegre
4320107,Sarandi,Noroeste Rio-grandense,Carazinho,Passo Fundo
4320206,Seberi,Noroeste Rio-grandense,Frederico Westphalen,Passo Fundo
4320230,Sede Nova,Noroeste Rio-grandense,Três Passos,Ijuí
4320263,Segredo,Centro Oriental Rio-grandense,Santa Cruz do Sul,Santa Cruz do Sul - Lajeado
4320305,Selbach,Noroeste Rio-grandense,Não-Me-Toque,Passo Fundo
4320321,Senador Salgado Filho,Noroeste Rio-grandense,Santo Ângelo,Ijuí
4320354,Sentinela do Sul,Metropolitana de Porto Alegre,Camaquã,Porto Alegre
4320404,Serafina Corrêa,Nordeste Rio-grandense,Guaporé,Caxias do Sul
4320453,Sério,Centro Oriental Rio-grandense,Lajeado-Estrela,Santa Cruz do Sul - Lajeado
4320503,Sertão,Noroeste Rio-grandense,Passo Fundo,Passo Fundo
4320552,Sertão Santana,Metropolitana de Porto Alegre,Porto Alegre,Porto Alegre
4320578,Sete de Setembro,Noroeste Rio-grandense,Cerro Largo,Ijuí
4320602,Severiano de Almeida,Noroeste Rio-grandense,Erechim,Passo Fundo
4320651,Silveira Martins,Centro Ocidental Rio-grandense,Restinga Seca,Santa Maria
4320677,Sinimbu,Centro Oriental Rio-grandense,Santa Cruz do Sul,Santa Cruz do Sul - Lajeado
4320701,Sobradinho,Centro Oriental Rio-grandense,Santa Cruz do Sul,Santa Cruz do Sul - Lajeado
4320800,Soledade,Noroeste Rio-grandense,Soledade,Passo Fundo
4320859,Tabaí,Centro Oriental Rio-grandense,Lajeado-Estrela,Santa Cruz do Sul - Lajeado
4320909,Tapejara,Noroeste Rio-grandense,Passo Fundo,Passo Fundo
4321006,Tapera,Noroeste Rio-grandense,Não-Me-Toque,Passo Fundo
4321105,Tapes,Metropolitana de Porto Alegre,Camaquã,Porto Alegre
4321204,Taquara,Metropolitana de Porto Alegre,Gramado-Canela,Porto Alegre
4321303,Taquari,Centro Oriental Rio-grandense,Lajeado-Estrela,Santa Cruz do Sul - Lajeado
4321329,Taquaruçu do Sul,Noroeste Rio-grandense,Frederico Westphalen,Passo Fundo
4321352,Tavares,Metropolitana de Porto Alegre,Osório,Porto Alegre
4321402,Tenente Portela,Noroeste Rio-grandense,Três Passos,Ijuí
4321436,Terra de Areia,Metropolitana de Porto Alegre,Osório,Porto Alegre
4321451,Teutônia,Centro Oriental Rio-grandense,Lajeado-Estrela,Santa Cruz do Sul - Lajeado
4321469,Tio Hugo,Noroeste Rio-grandense,Não-Me-Toque,Passo Fundo
4321477,Tiradentes do Sul,Noroeste Rio-grandense,Três Passos,Ijuí
4321493,Toropi,Centro Ocidental Rio-grandense,Santa Maria,Santa Maria
4321501,Torres,Metropolitana de Porto Alegre,Osório,Porto Alegre
4321600,Tramandaí,Metropolitana de Porto Alegre,Osório,Porto Alegre
4321626,Travesseiro,Centro Oriental Rio-grandense,Lajeado-Estrela,Santa Cruz do Sul - Lajeado
4321634,Três Arroios,Noroeste Rio-grandense,Erechim,Passo Fundo
4321667,Três Cachoeiras,Metropolitana de Porto Alegre,Osório,Porto Alegre
4321709,Três Coroas,Metropolitana de Porto Alegre,Gramado-Canela,Porto Alegre
4321808,Três de Maio,Noroeste Rio-grandense,Santa Rosa,Ijuí
4321832,Três Forquilhas,Metropolitana de Porto Alegre,Osório,Porto Alegre
4321857,Três Palmeiras,Noroeste Rio-grandense,Frederico Westphalen,Passo Fundo
4321907,Três Passos,Noroeste Rio-grandense,Três Passos,Ijuí
4321956,Trindade do Sul,Noroeste Rio-grandense,Frederico Westphalen,Passo Fundo
4322004,Triunfo,Metropolitana de Porto Alegre,São Jerônimo,Porto Alegre
4322103,Tucunduva,Noroeste Rio-grandense,Santa Rosa,Ijuí
4322152,Tunas,Noroeste Rio-grandense,Soledade,Santa Cruz do Sul - Lajeado
4322186,Tupanci do Sul,Noroeste Rio-grandense,Sananduva,Passo Fundo
4322202,Tupanciretã,Centro Ocidental Rio-grandense,Santiago,Passo Fundo
4322251,Tupandi,Metropolitana de Porto Alegre,Montenegro,Porto Alegre
4322301,Tuparendi,Noroeste Rio-grandense,Santa Rosa,Ijuí
4322327,Turuçu,Sudeste Rio-grandense,Pelotas,Pelotas
4322343,Ubiretama,Noroeste Rio-grandense,Santo Ângelo,Ijuí
4322350,União da Serra,Nordeste Rio-grandense,Guaporé,Caxias do Sul
4322376,Unistalda,Centro Ocidental Rio-grandense,Santiago,Santa Maria
4322400,Uruguaiana,Sudoeste Rio-grandense,Campanha Ocidental,Uruguaiana
4322509,Vacaria,Nordeste Rio-grandense,Vacaria,Caxias do Sul
4322525,Vale Verde,Metropolitana de Porto Alegre,São Jerônimo,Santa Cruz do Sul - Lajeado
4322533,Vale do Sol,Centro Oriental Rio-grandense,Santa Cruz do Sul,Santa Cruz do Sul - Lajeado
4322541,Vale Real,Metropolitana de Porto Alegre,Montenegro,Caxias do Sul
4322558,Vanini,Noroeste Rio-grandense,Passo Fundo,Passo Fundo
4322608,Venâncio Aires,Centro Oriental Rio-grandense,Santa Cruz do Sul,Santa Cruz do Sul - Lajeado
4322707,Vera Cruz,Centro Oriental Rio-grandense,Santa Cruz do Sul,Santa Cruz do Sul - Lajeado
4322806,Veranópolis,Nordeste Rio-grandense,Caxias do Sul,Caxias do Sul
4322855,Vespasiano Corrêa,Centro Oriental Rio-grandense,Lajeado-Estrela,Santa Cruz do Sul - Lajeado
4322905,Viadutos,Noroeste Rio-grandense,Erechim,Passo Fundo
4323002,Viamão,Metropolitana de Porto Alegre,Porto Alegre,Porto Alegre
4323101,Vicente Dutra,Noroeste Rio-grandense,Frederico Westphalen,Passo Fundo
4323200,Victor Graeff,Noroeste Rio-grandense,Não-Me-Toque,Passo Fundo
4323309,Vila Flores,Nordeste Rio-grandense,Caxias do Sul,Caxias do Sul
4323358,Vila Lângaro,Noroeste Rio-grandense,Passo Fundo,Passo Fundo
4323408,Vila Maria,Noroeste Rio-grandense,Passo Fundo,Passo Fundo
4323457,Vila Nova do Sul,Centro Ocidental Rio-grandense,Santa Maria,Santa Maria
4323507,Vista Alegre,Noroeste Rio-grandense,Frederico Westphalen,Passo Fundo
4323606,Vista Alegre do Prata,Nordeste Rio-grandense,Guaporé,Caxias do Sul
4323705,Vista Gaúcha,Noroeste Rio-grandense,Três Passos,Ijuí
4323754,Vitória das Missões,Noroeste Rio-grandense,Santo Ângelo,Ijuí
4323770,Westfália,Centro Oriental Rio-grandense,Lajeado-Estrela,Santa Cruz do Sul - Lajeado
4323804,Xangri-lá,Metropolitana de Porto Alegre,Osório,Porto Alegre
