codigo_ibge,vab_total_mil_2019_2021,vab_agro_mil,vab_industria_mil,vab_servicos_mil,vab_adm_publica_mil,pct_agro,pct_industria,pct_servicos,pct_adm_publica,anos_usados
4300034,921045,502258,47976,250786,120025,54.53,5.21,27.23,13.03,3
4300059,1072874,323450,63495,604079,81849,30.15,5.92,56.30,7.63,3
4300109,1572551,452685,295186,547759,276920,28.79,18.77,34.83,17.61,3
4300208,1058883,461467,85705,386496,125218,43.58,8.09,36.50,11.83,3
4300307,393705,137227,13749,147898,94832,34.86,3.49,37.57,24.09,3
4300406,6942520,2000952,744933,2947594,1249041,28.82,10.73,42.46,17.99,3
4300455,366906,164223,10061,115309,77310,44.76,2.74,31.43,21.07,3
4300471,577385,326538,43001,154723,53123,56.55,7.45,26.80,9.20,3
4300505,1242123,168279,793495,137584,142765,13.55,63.88,11.08,11.49,3
4300554,212793,111008,7350,49457,44979,52.17,3.45,23.24,21.14,3
4300570,363369,107464,117169,72986,65750,29.57,32.25,20.09,18.09,3
4300604,8384506,2996,1311152,4032532,3037827,0.04,15.64,48.10,36.23,3
4300638,374901,139677,11824,100544,122854,37.26,3.15,26.82,32.77,3
4300646,405823,55978,106044,116832,126969,13.79,26.13,28.79,31.29,3
4300661,375119,261175,12394,62725,38825,69.62,3.30,16.72,10.35,3
4300703,686065,264636,52556,261741,107132,38.57,7.66,38.15,15.62,3
4300802,1829477,209016,670709,720930,228822,11.42,36.66,39.41,12.51,3
4300851,560873,331561,25888,118825,84600,59.12,4.62,21.19,15.08,3
4300877,552457,2956,238643,189191,121667,0.54,43.20,34.25,22.02,3
4300901,2891641,266714,2282135,191758,151035,9.22,78.92,6.63,5.22,3
4301008,3459561,196199,1653245,1271447,338670,5.67,47.79,36.75,9.79,3
4301057,728953,9941,72128,424996,221887,1.36,9.89,58.30,30.44,3
4301073,184634,74848,7492,37225,65069,40.54,4.06,20.16,35.24,3
4301107,832085,131035,97710,359741,243599,15.75,11.74,43.23,29.28,3
4301206,1004158,351528,73211,360925,218494,35.01,7.29,35.94,21.76,3
4301305,2185796,1159274,109335,593576,323612,53.04,5.00,27.16,14.81,3
4301404,806117,194279,93661,349151,169025,24.10,11.62,43.31,20.97,3
4301503,1060292,457067,56356,429071,117797,43.11,5.32,40.47,11.11,3
4301552,357070,135239,31378,117109,73342,37.87,8.79,32.80,20.54,3
4301602,9166913,774391,1113045,5157439,2122037,8.45,12.14,56.26,23.15,3
4301636,756465,41547,57019,386787,271111,5.49,7.54,51.13,35.84,3
4301651,699285,89458,366729,138925,104171,12.79,52.44,19.87,14.90,3
4301701,765589,254493,112405,286340,112352,33.24,14.68,37.40,14.68,3
4301750,394057,187059,20624,64917,121455,47.47,5.23,16.47,30.82,3
4301800,681453,372862,47390,157693,103508,54.72,6.95,23.14,15.19,3
4301859,148974,45391,7460,34469,61655,30.47,5.01,23.14,41.39,3
4301875,721049,447941,34041,141205,97862,62.12,4.72,19.58,13.57,3
4301909,1116631,428554,120643,345496,221940,38.38,10.80,30.94,19.88,3
4301925,191913,119385,4134,25339,43056,62.21,2.15,13.20,22.44,3
4301958,377872,84633,99292,131103,62843,22.40,26.28,34.70,16.63,3
4302006,611718,245258,24222,158484,183753,40.09,3.96,25.91,30.04,3
4302055,117919,42293,6466,23139,46021,35.87,5.48,19.62,39.03,3
4302105,17329707,276092,6364359,8547987,2141270,1.59,36.73,49.33,12.36,3
4302154,515496,329140,14623,116170,55565,63.85,2.84,22.54,10.78,3
4302204,764213,186913,97738,358414,121148,24.46,12.79,46.90,15.85,3
4302220,892023,604999,24151,192714,70158,67.82,2.71,21.60,7.87,3
4302238,653820,436253,17750,127947,71869,66.72,2.71,19.57,10.99,3
4302253,260969,69000,64565,66767,60639,26.44,24.74,25.58,23.24,3
4302303,1384985,680728,122799,385816,195643,49.15,8.87,27.86,14.13,3
4302352,1942274,80005,757828,869303,235137,4.12,39.02,44.76,12.11,3
4302378,207349,93124,9113,52212,52900,44.91,4.40,25.18,25.51,3
4302402,939558,77040,302676,356410,203432,8.20,32.21,37.93,21.65,3
4302451,393433,171894,23582,79008,118947,43.69,5.99,20.08,30.23,3
4302501,1013268,601436,30319,251792,129722,59.36,2.99,24.85,12.80,3
4302584,447261,233974,13526,144736,55026,52.31,3.02,32.36,12.30,3
4302600,305192,132670,10763,89377,72382,43.47,3.53,29.29,23.72,3
4302659,287052,66284,30610,100799,89360,23.09,10.66,35.12,31.13,3
4302709,1369443,288195,241572,499533,340142,21.04,17.64,36.48,24.84,3
4302808,2640746,495952,451308,1103890,589597,18.78,17.09,41.80,22.33,3
4302907,1268579,638831,55671,351987,222089,50.36,4.39,27.75,17.51,3
4303004,7657039,1752912,983576,3626003,1294546,22.89,12.85,47.36,16.91,3
4303103,14495481,2705,3597027,8695200,2200549,0.02,24.81,59.99,15.18,3
4303202,390440,185388,19065,94809,91179,47.48,4.88,24.28,23.35,3
4303301,565158,229835,27792,210005,97527,40.67,4.92,37.16,17.26,3
4303400,378672,186242,17774,84386,90270,49.18,4.69,22.28,23.84,3
4303509,6338899,1194658,1049095,2978739,1116407,18.85,16.55,46.99,17.61,3
4303558,1072189,186004,533262,287267,65655,17.35,49.74,26.79,6.12,3
4303608,546909,110171,136640,173686,126411,20.14,24.98,31.76,23.11,3
4303673,436711,224368,49841,88238,74266,51.38,11.41,20.21,17.01,3
4303707,564718,257509,29232,176273,101701,45.60,5.18,31.21,18.01,3
4303806,831389,370289,38008,310296,112795,44.54,4.57,37.32,13.57,3
4303905,7888509,6530,3580963,3051127,1249888,0.08,45.39,38.68,15.84,3
4304002,687056,215203,60679,319069,92107,31.32,8.83,46.44,13.41,3
4304101,304596,128865,19318,84916,71497,42.31,6.34,27.88,23.47,3
4304200,2546350,626199,487068,931259,501824,24.59,19.13,36.57,19.71,3
4304309,814481,311592,113396,274361,115132,38.26,13.92,33.69,14.14,3
4304358,4780304,254254,3967154,326080,232816,5.32,82.99,6.82,4.87,3
4304408,3740477,45953,890415,2007031,797077,1.23,23.80,53.66,21.31,3
4304507,3929631,1324548,155505,1543522,906055,33.71,3.96,39.28,23.06,3
4304606,52113992,25444,21465562,25135290,5487695,0.05,41.19,48.23,10.53,3
4304614,164951,91815,4360,26960,41816,55.66,2.64,16.34,25.35,3
4304622,673648,453832,40434,126775,52605,67.37,6.00,18.82,7.81,3
4304630,4840484,8159,784809,2970725,1076792,0.17,16.21,61.37,22.25,3
4304655,1160856,787571,32900,251506,88880,67.84,2.83,21.67,7.66,3
4304663,1811126,277463,485402,601016,447244,15.32,26.80,33.18,24.69,3
4304671,775246,271983,92743,313682,96839,35.08,11.96,40.46,12.49,3
4304689,687285,69320,187843,229152,200971,10.09,27.33,33.34,29.24,3
4304697,252335,128281,18272,39105,66675,50.84,7.24,15.50,26.42,3
4304705,8407173,514628,940352,5935788,1016406,6.12,11.19,70.60,12.09,3
4304713,412449,132498,55869,78475,145607,32.12,13.55,19.03,35.30,3
4304804,7304677,180395,4362478,2246710,515095,2.47,59.72,30.76,7.05,3
4304853,157299,83571,13324,23548,36856,53.13,8.47,14.97,23.43,3
4304903,1503428,350719,314055,677905,160750,23.33,20.89,45.09,10.69,3
4304952,419817,170361,22326,162192,64937,40.58,5.32,38.63,15.47,3
4305009,1272811,607323,48346,460006,157136,47.72,3.80,36.14,12.35,3
4305108,71581648,807566,23873049,38637536,8263497,1.13,33.35,53.98,11.54,3
4305116,272207,147199,10573,53074,61358,54.08,3.88,19.50,22.54,3
4305124,364872,167461,13644,76907,106861,45.90,3.74,21.08,29.29,3
4305132,229425,81000,8829,50744,88852,35.31,3.85,22.12,38.73,3
4305157,180192,91525,4405,31912,52351,50.79,2.44,17.71,29.05,3
4305173,520566,143624,26971,156550,193419,27.59,5.18,30.07,37.16,3
4305207,1800918,187315,186258,1193819,233526,10.40,10.34,66.29,12.97,3
4305306,1571604,776832,111539,516774,166459,49.43,7.10,32.88,10.59,3
4305355,3921266,112492,1856259,1278451,674065,2.87,47.34,32.60,17.19,3
4305371,318196,181193,8293,62644,66066,56.94,2.61,19.69,20.76,3
4305405,799462,528589,29832,160621,80421,66.12,3.73,20.09,10.06,3
4305439,941737,83213,221836,507901,128786,8.84,23.56,53.93,13.68,3
4305447,330714,161889,10800,52387,105639,48.95,3.27,15.84,31.94,3
4305454,944678,50910,67626,485114,341028,5.39,7.16,51.35,36.10,3
4305504,531255,255578,39027,153891,82759,48.11,7.35,28.97,15.58,3
4305587,218664,91133,23927,44962,58643,41.68,10.94,20.56,26.82,3
4305603,660268,379030,27269,179245,74725,57.41,4.13,27.15,11.32,3
4305702,1250707,537928,158650,419575,134554,43.01,12.68,33.55,10.76,3
4305801,1002873,252293,100363,478611,171605,25.16,10.01,47.72,17.11,3
4305835,131600,70662,3758,19047,38135,53.69,2.86,14.47,28.98,3
4305850,411418,248732,15270,88471,58946,60.46,3.71,21.50,14.33,3
4305871,432569,184919,36191,144739,66721,42.75,8.37,33.46,15.42,3
4305900,1058959,539072,43576,341370,134942,50.91,4.11,32.24,12.74,3
4305934,126594,58816,9443,20829,37506,46.46,7.46,16.45,29.63,3
4305959,453854,104421,158883,114019,76532,23.01,35.01,25.12,16.86,3
4305975,804333,536567,44087,147328,76352,66.71,5.48,18.32,9.49,3
4306007,1203319,406690,128492,436879,231257,33.80,10.68,36.31,19.22,3
4306056,660875,290761,37069,189910,143135,44.00,5.61,28.74,21.66,3
4306072,226968,129488,5594,32737,59150,57.05,2.46,14.42,26.06,3
4306106,10069270,1419769,1081738,6546584,1021179,14.10,10.74,65.02,10.14,3
4306130,308703,173482,10418,76565,48238,56.20,3.37,24.80,15.63,3
4306205,1158588,194323,299006,474766,190492,16.77,25.81,40.98,16.44,3
4306304,493868,206300,25980,175397,86190,41.77,5.26,35.51,17.45,3
4306320,342447,198407,14402,67050,62587,57.94,4.21,19.58,18.28,3
4306353,136128,45716,3462,31019,55931,33.58,2.54,22.79,41.09,3
4306379,524563,336710,26983,91109,69761,64.19,5.14,17.37,13.30,3
4306403,5277285,45002,2335463,2364699,532122,0.85,44.26,44.81,10.08,3
4306429,415689,274030,19915,64457,57287,65.92,4.79,15.51,13.78,3
4306452,381493,132080,57424,123496,68494,34.62,15.05,32.37,17.95,3
4306502,881439,360140,27979,241482,251838,40.86,3.17,27.40,28.57,3
4306551,162260,22208,11123,70643,58286,13.69,6.86,43.54,35.92,3
4306601,4633411,1876309,344656,1735612,676834,40.50,7.44,37.46,14.61,3
4306700,248174,70264,50601,67815,59494,28.31,20.39,27.33,23.97,3
4306734,622002,326679,22031,185940,87353,52.52,3.54,29.89,14.04,3
4306759,176493,56652,27345,47953,44543,32.10,15.49,27.17,25.24,3
4306767,4296116,367383,651937,2532442,744354,8.55,15.18,58.95,17.33,3
4306809,2666107,119077,826837,1385065,335128,4.47,31.01,51.95,12.57,3
4306908,2161407,959557,110889,631276,459685,44.40,5.13,29.21,21.27,3
4306924,173323,84845,6557,39055,42867,48.95,3.78,22.53,24.73,3
4306932,1320160,469333,56860,631909,162059,35.55,4.31,47.87,12.28,3
4306957,628914,101558,381227,79099,67031,16.15,60.62,12.58,10.66,3
4306973,393821,179621,30824,112756,70619,45.61,7.83,28.63,17.93,3
4307005,15599131,325435,5329037,8261614,1683044,2.09,34.16,52.96,10.79,3
4307054,524989,255703,53282,137754,78249,48.71,10.15,26.24,14.90,3
4307104,520871,252622,17474,119753,131023,48.50,3.35,22.99,25.15,3
4307203,348207,121633,23372,109291,93910,34.93,6.71,31.39,26.97,3
4307302,778032,349630,45560,263915,118927,44.94,5.86,33.92,15.29,3
4307401,780202,469993,25486,203793,80931,60.24,3.27,26.12,10.37,3
4307450,273087,136487,14252,54899,67448,49.98,5.22,20.10,24.70,3
4307500,2221589,737696,222905,997991,262996,33.21,10.03,44.92,11.84,3
4307559,759640,121355,169639,350928,117717,15.98,22.33,46.20,15.50,3
4307609,4385857,13731,1475653,2059727,836746,0.31,33.65,46.96,19.08,3
4307708,8911253,6475,2316300,5027011,1561465,0.07,25.99,56.41,17.52,3
4307807,4952381,314166,1848014,2219825,570377,6.34,37.32,44.82,11.52,3
4307815,413935,212317,12470,107094,82055,51.29,3.01,25.87,19.82,3
4307831,743154,435210,55453,183557,68932,58.56,7.46,24.70,9.28,3
4307864,438476,134279,157950,83439,62810,30.62,36.02,19.03,14.32,3
4307906,9486352,477752,3520023,4355678,1132900,5.04,37.11,45.92,11.94,3
4308003,641256,73826,84255,367861,115314,11.51,13.14,57.37,17.98,3
4308052,228807,117307,12837,47350,51312,51.27,5.61,20.69,22.43,3
4308078,323554,84474,44469,104559,90053,26.11,13.74,32.32,27.83,3
4308102,1345871,59523,314601,748690,223057,4.42,23.38,55.63,16.57,3
4308201,5143231,341449,2425996,1858598,517186,6.64,47.17,36.14,10.06,3
4308250,217507,119724,10421,43077,44286,55.04,4.79,19.80,20.36,3
4308300,651470,144383,33948,307361,165780,22.16,5.21,47.18,25.45,3
4308409,651983,263541,68576,193013,126853,40.42,10.52,29.60,19.46,3
4308433,145995,57691,10966,27072,50265,39.52,7.51,18.54,34.43,3
4308458,1059714,560986,33893,359350,105487,52.94,3.20,33.91,9.95,3
4308508,3449873,310512,619413,2016772,503175,9.00,17.95,58.46,14.59,3
4308607,6251024,157057,3037237,2480688,576041,2.51,48.59,39.68,9.22,3
4308656,463439,282972,12877,92749,74842,61.06,2.78,20.01,16.15,3
4308706,686354,190738,165060,230998,99559,27.79,24.05,33.66,14.51,3
4308805,595080,297430,28588,134061,135001,49.98,4.80,22.53,22.69,3
4308854,396466,211297,11553,126543,47074,53.30,2.91,31.92,11.87,3
4308904,1905107,344813,340573,940371,279352,18.10,17.88,49.36,14.66,3
4309001,2553692,995952,312672,932607,312461,39.00,12.24,36.52,12.24,3
4309050,910332,69538,449147,232131,159516,7.64,49.34,25.50,17.52,3
4309100,6109087,57697,894942,4278877,877572,0.94,14.65,70.04,14.37,3
4309126,206082,113142,9834,32118,50988,54.90,4.77,15.59,24.74,3
4309159,270037,135609,9400,39122,85907,50.22,3.48,14.49,31.81,3
4309209,27751019,55237,11619774,11843547,4232460,0.20,41.87,42.68,15.25,3
4309258,264957,159004,8764,58790,38397,60.01,3.31,22.19,14.49,3
4309308,13340279,148138,4011559,7482041,1698541,1.11,30.07,56.09,12.73,3
4309407,2768260,203890,932332,1198269,433770,7.37,33.68,43.29,15.67,3
4309506,860581,265514,98258,362078,134731,30.85,11.42,42.07,15.66,3
4309555,552350,84550,147688,228101,92011,15.31,26.74,41.30,16.66,3
4309571,189029,81947,5898,36206,64978,43.35,3.12,19.15,34.37,3
4309605,4732737,298239,2572903,1463318,398277,6.30,54.36,30.92,8.42,3
4309654,648546,208216,168299,145439,126591,32.11,25.95,22.43,19.52,3
4309704,529458,216390,28988,196579,87500,40.87,5.48,37.13,16.53,3
4309753,274971,108282,24632,57865,84192,39.38,8.96,21.04,30.62,3
4309803,774611,388388,57461,231324,97438,50.14,7.42,29.86,12.58,3
4309902,817624,331243,38091,315573,132717,40.51,4.66,38.60,16.23,3
4309951,435910,235914,13081,102767,84147,54.12,3.00,23.58,19.30,3
4310009,3526760,817597,849742,1502535,356886,23.18,24.09,42.60,10.12,3
4310108,4834294,15440,2463956,1756963,597934,0.32,50.97,36.34,12.37,3
4310207,12127613,836974,2929223,6628327,1733090,6.90,24.15,54.65,14.29,3
4310306,347553,112971,42605,116867,75110,32.50,12.26,33.63,21.61,3
4310330,1576738,5850,159197,901276,510415,0.37,10.10,57.16,32.37,3
4310363,1335406,85417,942535,238626,68828,6.40,70.58,17.87,5.15,3
4310405,954894,408219,116903,304740,125033,42.75,12.24,31.91,13.09,3
4310413,241027,127154,9445,51535,52893,52.76,3.92,21.38,21.94,3
4310439,677623,330578,57058,171172,118814,48.78,8.42,25.26,17.53,3
4310462,370541,207264,21168,90787,51322,55.94,5.71,24.50,13.85,3
4310504,603507,162752,50073,274761,115923,26.97,8.30,45.53,19.21,3
4310538,570454,50680,60260,355977,103537,8.88,10.56,62.40,18.15,3
4310553,433065,281525,11132,65424,74983,65.01,2.57,15.11,17.31,3
4310579,223284,140123,9268,25353,48539,62.76,4.15,11.35,21.74,3
4310603,4692591,1662226,797657,1555824,676884,35.42,17.00,33.15,14.42,3
4310652,228306,117108,10338,43126,57732,51.29,4.53,18.89,25.29,3
4310702,211427,91184,9776,42420,68046,43.13,4.62,20.06,32.18,3
4310751,158086,73235,6072,33168,45611,46.33,3.84,20.98,28.85,3
4310801,2669019,29046,727924,1506123,405926,1.09,27.27,56.43,15.21,3
4310850,326593,135060,13539,103351,74642,41.35,4.15,31.65,22.85,3
4310876,408520,276595,11441,56991,63493,67.71,2.80,13.95,15.54,3
4310900,502673,241374,39318,146636,75343,48.02,7.82,29.17,14.99,3
4311007,2360926,867906,117651,952208,423161,36.76,4.98,40.33,17.92,3
4311106,845214,243891,67528,353378,180416,28.86,7.99,41.81,21.35,3
4311122,228117,78024,16945,63633,69515,34.20,7.43,27.89,30.47,3
4311130,811801,621607,22528,92817,74849,76.57,2.78,11.43,9.22,3
4311155,1836807,1223540,50623,387808,174836,66.61,2.76,21.11,9.52,3
4311205,3748427,1319091,141471,1929450,358416,35.19,3.77,51.47,9.56,3
4311239,174115,80893,6839,26260,60123,46.46,3.93,15.08,34.53,3
4311254,360279,180271,11200,57818,110990,50.04,3.11,16.05,30.81,3
4311270,304942,169913,9449,76200,49381,55.72,3.10,24.99,16.19,3
4311304,3439841,792780,754211,1463453,429395,23.05,21.93,42.54,12.48,3
4311403,12581639,58649,3452134,7716227,1354627,0.47,27.44,61.33,10.77,3
4311429,175464,76643,12060,28299,58460,43.68,6.87,16.13,33.32,3
4311502,983890,579634,29315,214433,160507,58.91,2.98,21.79,16.31,3
4311601,410239,171279,18704,130503,89752,41.75,4.56,31.81,21.88,3
4311627,910874,18232,609694,176327,106618,2.00,66.94,19.36,11.71,3
4311643,171822,98320,9858,24117,39528,57.22,5.74,14.04,23.01,3
4311700,601449,243223,35550,212905,109772,40.44,5.91,35.40,18.25,3
4311718,1161962,835474,49843,167156,109489,71.90,4.29,14.39,9.42,3
4311734,177706,70947,11274,31757,63727,39.92,6.34,17.87,35.86,3
4311759,1054870,645488,42252,223980,143151,61.19,4.01,21.23,13.57,3
4311775,452502,90803,78075,164639,118986,20.07,17.25,36.38,26.30,3
4311791,224318,85087,26388,48510,64333,37.93,11.76,21.63,28.68,3
4311809,6526489,736989,2406412,2627111,755976,11.29,36.87,40.25,11.58,3
4311908,419329,133729,44945,155623,85032,31.89,10.72,37.11,20.28,3
4311981,256775,115039,7810,53766,80161,44.80,3.04,20.94,31.22,3
4312005,181955,80324,11353,38436,51841,44.14,6.24,21.12,28.49,3
4312054,298084,102830,23981,97646,73626,34.50,8.05,32.76,24.70,3
4312104,368737,118608,35744,123801,90584,32.17,9.69,33.57,24.57,3
4312138,351236,184479,10806,93073,62879,52.52,3.08,26.50,17.90,3
4312153,455267,80952,158167,122510,93639,17.78,34.74,26.91,20.57,3
4312179,185626,106690,5945,29969,43022,57.48,3.20,16.14,23.18,3
4312203,365491,138004,33442,113043,81004,37.76,9.15,30.93,22.16,3
4312252,575109,185613,34613,216304,138579,32.27,6.02,37.61,24.10,3
4312302,425239,129267,84611,122087,89272,30.40,19.90,28.71,20.99,3
4312351,194829,103516,16498,35682,39132,53.13,8.47,18.31,20.09,3
4312377,257882,131020,8514,42757,75591,50.81,3.30,16.58,29.31,3
4312385,224526,80578,43219,44693,56036,35.89,19.25,19.91,24.96,3
4312401,11065941,248154,4947559,4699507,1170721,2.24,44.71,42.47,10.58,3
4312427,310246,124519,9822,108813,67092,40.14,3.17,35.07,21.63,3
4312443,191128,73272,8408,44271,65176,38.34,4.40,23.16,34.10,3
4312450,303583,52327,37255,97376,116624,17.24,12.27,32.08,38.42,3
4312476,631193,108304,216148,190666,116076,17.16,34.24,30.21,18.39,3
4312500,1414452,695240,91977,397987,229248,49.15,6.50,28.14,16.21,3
4312609,780111,70774,384457,233271,91608,9.07,49.28,29.90,11.74,3
4312617,2244592,1338935,424501,397965,83191,59.65,18.91,17.73,3.71,3
4312625,193617,108226,6585,32068,46736,55.90,3.40,16.56,24.14,3
4312658,4209985,406067,1848013,1623007,332898,9.65,43.90,38.55,7.91,3
4312674,294387,159823,7954,80243,46365,54.29,2.70,27.26,15.75,3
4312708,1189049,280457,88682,613464,206443,23.59,7.46,51.59,17.36,3
4312757,494478,175180,31900,211051,76346,35.43,6.45,42.68,15.44,3
4312807,722518,128448,284696,220378,88996,17.78,39.40,30.50,12.32,3
4312906,1874219,314333,972441,417821,169621,16.77,51.89,22.29,9.05,3
4312955,323202,121957,67102,87420,46722,37.73,20.76,27.05,14.46,3
4313003,352012,140749,43573,93700,73990,39.98,12.38,26.62,21.02,3
4313011,516364,201730,149930,102821,61883,39.07,29.04,19.91,11.98,3
4313037,394364,74373,101063,122342,96584,18.86,25.63,31.02,24.49,3
4313060,2010788,10906,1110568,537142,352170,0.54,55.23,26.71,17.51,3
4313086,227982,82730,31822,62144,51288,36.29,13.96,27.26,22.50,3
4313102,897601,196863,259522,319784,121432,21.93,28.91,35.63,13.53,3
4313201,2286248,133356,561595,1213661,377633,5.83,24.56,53.09,16.52,3
4313300,3735486,198758,1370128,1671380,495219,5.32,36.68,44.74,13.26,3
4313334,553352,294886,60729,140950,56786,53.29,10.97,25.47,10.26,3
4313359,508283,110220,211113,105151,81798,21.68,41.53,20.69,16.09,3
4313375,4489482,86178,1448557,2389005,565743,1.92,32.27,53.21,12.60,3
4313391,295981,139484,15507,59051,81938,47.13,5.24,19.95,27.68,3
4313409,25459713,63406,6146115,15543232,3706959,0.25,24.14,61.05,14.56,3
4313425,443668,250999,14427,103714,74530,56.57,3.25,23.38,16.80,3
4313441,168750,78956,4208,34938,50649,46.79,2.49,20.70,30.01,3
4313466,184111,91221,6900,39934,46056,49.55,3.75,21.69,25.02,3
4313490,314074,119660,23118,88612,82685,38.10,7.36,28.21,26.33,3
4313508,4734835,134209,768969,2903831,927826,2.83,16.24,61.33,19.60,3
4313607,392013,171720,24691,120133,75468,43.80,6.30,30.65,19.25,3
4313656,1663100,331373,605311,503969,222448,19.93,36.40,30.30,13.38,3
4313706,4762859,1927484,243906,2004450,587018,40.47,5.12,42.09,12.32,3
4313805,677215,192586,127471,226858,130299,28.44,18.82,33.50,19.24,3
4313904,6634873,502294,2874184,2499235,759159,7.57,43.32,37.67,11.44,3
4313953,1187536,386530,241531,384206,175269,32.55,20.34,32.35,14.76,3
4314001,904496,181077,259908,332284,131226,20.02,28.74,36.74,14.51,3
4314027,499146,193168,18381,158678,128920,38.70,3.68,31.79,25.83,3
4314035,312255,81808,24679,121276,84492,26.20,7.90,38.84,27.06,3
4314050,3682474,14342,1173154,1604710,890267,0.39,31.86,43.58,24.18,3
4314068,330561,161162,11205,58900,99294,48.75,3.39,17.82,30.04,3
4314076,536099,208990,72765,133371,120974,38.98,13.57,24.88,22.57,3
4314100,27913640,624482,3650948,20411054,3227155,2.24,13.08,73.12,11.56,3
4314134,392490,131705,130348,72975,57462,33.56,33.21,18.59,14.64,3
4314159,586969,170614,135179,144907,136269,29.07,23.03,24.69,23.22,3
4314175,685956,522293,19338,79063,65261,76.14,2.82,11.53,9.51,3
4314209,555765,224442,30308,177230,123785,40.38,5.45,31.89,22.27,3
4314308,908293,543350,31043,242683,91218,59.82,3.42,26.72,10.04,3
4314407,26632440,826577,3446326,16939023,5420514,3.10,12.94,63.60,20.35,3
4314423,880767,35854,498755,233179,112979,4.07,56.63,26.47,12.83,3
4314456,290316,130112,42967,57954,59282,44.82,14.80,19.96,20.42,3
4314464,687172,157656,406588,52880,70049,22.94,59.17,7.70,10.19,3
4314472,2441180,288031,1889098,163905,100144,11.80,77.38,6.71,4.10,3
4314498,334504,160498,19172,61758,93078,47.98,5.73,18.46,27.83,3
4314506,942448,212897,199312,315731,214507,22.59,21.15,33.50,22.76,3
4314548,177551,63969,18695,40695,54193,36.03,10.53,22.92,30.52,3
4314555,225459,118526,5631,44184,57119,52.57,2.50,19.60,25.33,3
4314605,1793776,942155,97931,405526,348164,52.52,5.46,22.61,19.41,3
4314704,625772,117690,91572,250043,166468,18.81,14.63,39.96,26.60,3
4314753,295714,68764,103790,72981,50180,23.25,35.10,24.68,16.97,3
4314779,896584,560731,32533,215811,87508,62.54,3.63,24.07,9.76,3
4314787,204875,115711,9200,37510,42454,56.48,4.49,18.31,20.72,3
4314803,3616945,131623,1438289,1461849,585185,3.64,39.77,40.42,16.18,3
4314902,206710322,92955,18669173,165189317,22758877,0.04,9.03,79.91,11.01,3
4315008,344168,137618,10819,111227,84503,39.99,3.14,32.32,24.55,3
4315057,211872,97971,5635,55317,52950,46.24,2.66,26.11,24.99,3
4315073,112211,46881,2864,21547,40919,41.78,2.55,19.20,36.47,3
4315107,541675,88410,27959,252032,173271,16.32,5.16,46.53,31.99,3
4315131,153048,65029,5928,41269,40823,42.49,3.87,26.96,26.67,3
4315149,477188,38764,266352,112723,59350,8.12,55.82,23.62,12.44,3
4315156,412961,166585,24356,116317,105706,40.34,5.90,28.17,25.60,3
4315172,212659,117677,17079,34393,43509,55.34,8.03,16.17,20.46,3
4315206,323180,134740,32163,82087,74189,41.69,9.95,25.40,22.96,3
4315305,1501609,410249,77553,670739,343067,27.32,5.16,44.67,22.85,3
4315313,388594,243079,19175,75129,51211,62.55,4.93,19.33,13.18,3
4315321,601426,380662,16347,132642,71775,63.29,2.72,22.05,11.93,3
4315354,540850,277539,30560,145741,87011,51.32,5.65,26.95,16.09,3
4315404,542961,203540,17498,145476,176447,37.49,3.22,26.79,32.50,3
4315453,190870,102107,8573,35635,44556,53.50,4.49,18.67,23.34,3
4315503,1493435,535550,148765,540075,269045,35.86,9.96,36.16,18.02,3
4315552,309590,164302,10267,71345,63675,53.07,3.32,23.04,20.57,3
4315602,28163540,896340,9571353,13989341,3706507,3.18,33.98,49.67,13.16,3
4315701,3091534,1086424,286044,1094592,624475,35.14,9.25,35.41,20.20,3
4315750,374384,17580,165739,104317,86748,4.70,44.27,27.86,23.17,3
4315800,1413929,180518,676726,363941,192744,12.77,47.86,25.74,13.63,3
4315909,580340,180591,58201,229385,112164,31.12,10.03,39.53,19.33,3
4315958,353018,227681,9203,54617,61517,64.50,2.61,15.47,17.43,3
4316006,1767376,64210,597650,760496,345020,3.63,33.82,43.03,19.52,3
4316105,1101983,439557,48244,442714,171470,39.89,4.38,40.17,15.56,3
4316204,652105,322506,22944,204726,101928,49.46,3.52,31.39,15.63,3
4316303,1527419,234974,987602,185198,119644,15.38,64.66,12.12,7.83,3
4316402,3050890,927212,160661,1344529,618488,30.39,5.27,44.07,20.27,3
4316428,190306,78437,6731,48970,56168,41.22,3.54,25.73,29.51,3
4316436,506425,255418,13412,174151,63445,50.44,2.65,34.39,12.53,3
4316451,2964266,352295,2034755,347524,229693,11.88,68.64,11.72,7.75,3
4316477,410356,147719,47580,150362,64695,36.00,11.59,36.64,15.77,3
4316501,817127,172041,182970,325777,136339,21.05,22.39,39.87,16.69,3
4316600,1897543,442789,297146,887194,270414,23.33,15.66,46.75,14.25,3
4316709,2543318,1226329,121947,1023122,171919,48.22,4.79,40.23,6.76,3
4316733,302328,207640,8246,41115,45327,68.68,2.73,13.60,14.99,3
4316758,827846,84896,414522,207516,120912,10.26,50.07,25.07,14.61,3
4316808,21480706,571515,6792195,11796907,2320091,2.66,31.62,54.92,10.80,3
4316907,24270769,776693,3072961,16052165,4368950,3.20,12.66,66.14,18.00,3
4316956,646390,160259,190070,184196,111865,24.79,29.40,28.50,17.31,3
4316972,713489,460366,50452,136320,66352,64.52,7.07,19.11,9.30,3
4317004,697752,391560,23460,138274,144456,56.12,3.36,19.82,20.70,3
4317103,7265139,1184701,1625383,3114835,1340218,16.31,22.37,42.87,18.45,3
4317202,8792383,539839,2312279,4639029,1301237,6.14,26.30,52.76,14.80,3
4317251,128148,50559,8289,28426,40874,39.45,6.47,22.18,31.90,3
4317301,3968875,1575897,743631,1045645,603702,39.71,18.74,26.35,15.21,3
4317400,4601855,766945,303327,2746022,785563,16.67,6.59,59.67,17.07,3
4317509,7844586,623278,1294483,4695818,1231007,7.95,16.50,59.86,15.69,3
4317558,255525,137361,12517,56213,49433,53.76,4.90,22.00,19.35,3
4317608,4004635,363540,1304904,1645659,690533,9.08,32.58,41.09,17.24,3
4317707,1424030,848704,45426,337096,192805,59.60,3.19,23.67,13.54,3
4317756,382176,200239,38629,80108,63200,52.39,10.11,20.96,16.54,3
4317806,1840601,681108,136835,789924,232735,37.00,7.43,42.92,12.64,3
4317905,1749617,503314,196072,797866,252365,28.77,11.21,45.60,14.42,3
4317954,277150,159728,16424,44644,56356,57.63,5.93,16.11,20.33,3
4318002,5966588,1517908,793524,2658739,996416,25.44,13.30,44.56,16.70,3
4318051,271948,87154,57697,65062,62035,32.05,21.22,23.92,22.81,3
4318101,1661382,755584,60747,523392,321657,45.48,3.66,31.50,19.36,3
4318200,2399522,1108709,202486,718173,370156,46.21,8.44,29.93,15.43,3
4318309,5964931,1802857,631637,2542306,988131,30.22,10.59,42.62,16.57,3
4318408,1751391,250248,221263,905247,374633,14.29,12.63,51.69,21.39,3
4318424,427022,169188,18711,152472,86652,39.62,4.38,35.71,20.29,3
4318432,260331,46654,34962,122872,55842,17.92,13.43,47.20,21.45,3
4318440,299454,141808,29214,71342,57089,47.36,9.76,23.82,19.06,3
4318457,199873,81640,7052,50994,60189,40.85,3.53,25.51,30.11,3
4318465,149334,48274,6518,43424,51119,32.33,4.36,29.08,34.23,3
4318481,324601,49142,93333,100866,81261,15.14,28.75,31.07,25.03,3
4318499,382192,135211,111061,81494,54426,35.38,29.06,21.32,14.24,3
4318507,1579317,263026,316945,536298,463046,16.65,20.07,33.96,29.32,3
4318606,966561,334161,61581,454498,116323,34.57,6.37,47.02,12.03,3
4318614,216926,89250,26318,45914,55444,41.14,12.13,21.17,25.56,3
4318622,375568,172465,29010,97445,76649,45.92,7.72,25.95,20.41,3
4318705,24053625,7575,6856670,13201991,3987389,0.03,28.51,54.89,16.58,3
4318804,3808789,1267197,294275,1529632,717686,33.27,7.73,40.16,18.84,3
4318903,4305200,1146053,491332,2117521,550294,26.62,11.41,49.19,12.78,3
4319000,2601347,122857,1053622,1073231,351637,4.72,40.50,41.26,13.52,3
4319109,808950,326990,65974,311548,104437,40.42,8.16,38.51,12.91,3
4319125,646421,417186,19381,135643,74212,64.54,3.00,20.98,11.48,3
4319158,1714087,1025193,63769,466696,158429,59.81,3.72,27.23,9.24,3
4319208,557506,300579,19535,133625,103767,53.91,3.50,23.97,18.61,3
4319307,511363,211221,43596,146634,109913,41.31,8.53,28.68,21.49,3
4319356,256874,61005,57665,65996,72208,23.75,22.45,25.69,28.11,3
4319364,231328,95711,5707,74589,55321,41.37,2.47,32.24,23.91,3
4319372,380663,200325,35113,75748,69478,52.63,9.22,19.90,18.25,3
4319406,1233530,331219,123940,509665,268707,26.85,10.05,41.32,21.78,3
4319505,2073832,79191,483093,1092086,419461,3.82,23.29,52.66,20.23,3
4319604,2831254,1066954,254344,1087765,422190,37.68,8.98,38.42,14.91,3
4319703,312391,111085,29845,102118,69342,35.56,9.55,32.69,22.20,3
4319711,210259,75643,40837,45639,48140,35.98,19.42,21.71,22.90,3
4319737,209218,114438,6296,31763,56723,54.70,3.01,15.18,27.11,3
4319752,226297,19126,93124,63398,50649,8.45,41.15,28.02,22.38,3
4319802,1460473,507460,458917,330697,163401,34.75,31.42,22.64,11.19,3
4319901,9251226,24236,4489077,3430649,1307265,0.26,48.52,37.08,14.13,3
4320008,9843194,14466,3365953,4157735,2305040,0.15,34.20,42.24,23.42,3
4320107,2903667,382733,552307,1550512,418116,13.18,19.02,53.40,14.40,3
4320206,1357286,329398,228935,601763,197188,24.27,16.87,44.34,14.53,3
4320230,370493,188518,18767,102224,60983,50.88,5.07,27.59,16.46,3
4320263,394231,179297,14575,81451,118910,45.48,3.70,20.66,30.16,3
4320305,738299,280456,78668,282250,96925,37.99,10.66,38.23,13.13,3
4320321,319931,175553,12809,66284,65285,54.87,4.00,20.72,20.41,3
4320354,299504,109037,35627,64155,90684,36.41,11.90,21.42,30.28,3
4320404,1874881,230810,462682,867129,314261,12.31,24.68,46.25,16.76,3
4320453,150010,76171,8111,23157,42570,50.78,5.41,15.44,28.38,3
4320503,1079050,649920,67164,243188,118779,60.23,6.22,22.54,11.01,3
4320552,749701,104126,152498,376247,116829,13.89,20.34,50.19,15.58,3
4320578,230143,132235,9743,36195,51970,57.46,4.23,15.73,22.58,3
4320602,361139,163783,20695,98620,78041,45.35,5.73,27.31,21.61,3
4320651,194617,76234,10621,51082,56679,39.17,5.46,26.25,29.12,3
4320677,580313,190768,27452,185670,176422,32.87,4.73,31.99,30.40,3
4320701,1101706,152200,97436,609148,242921,13.81,8.84,55.29,22.05,3
4320800,2933076,602423,472682,1368392,489578,20.54,16.12,46.65,16.69,3
4320859,340679,160416,19873,69529,90861,47.09,5.83,20.41,26.67,3
4320909,3517631,278567,1455847,1374443,408775,7.92,41.39,39.07,11.62,3
4321006,1335209,255218,255781,644826,179384,19.11,19.16,48.29,13.43,3
4321105,1319429,470262,125092,448071,276003,35.64,9.48,33.96,20.92,3
4321204,4000493,67726,743831,2332304,856631,1.69,18.59,58.30,21.41,3
4321303,2437441,254827,869439,916898,396277,10.45,35.67,37.62,16.26,3
4321329,413111,151645,20012,173738,67715,36.71,4.84,42.06,16.39,3
4321352,295114,94118,9031,91112,100855,31.89,3.06,30.87,34.17,3
4321402,1461488,309889,112200,820245,219155,21.20,7.68,56.12,15.00,3
4321436,704882,51217,55994,409831,187839,7.27,7.94,58.14,26.65,3
4321451,3979269,261962,1401211,1734606,581490,6.58,35.21,43.59,14.61,3
4321469,361854,110652,38768,140351,72084,30.58,10.71,38.79,19.92,3
4321477,442537,188302,18541,136802,98892,42.55,4.19,30.91,22.35,3
4321493,225766,91977,6365,68097,59326,40.74,2.82,30.16,26.28,3
4321501,3612389,112379,482394,2288681,728935,3.11,13.35,63.36,20.18,3
4321600,3240081,44465,326233,1928928,940454,1.37,10.07,59.53,29.03,3
4321626,200854,93717,36960,21697,48480,46.66,18.40,10.80,24.14,3
4321634,317287,140352,22290,94538,60107,44.24,7.03,29.80,18.94,3
4321667,750895,70121,76249,428411,176115,9.34,10.15,57.05,23.45,3
4321709,2184868,26801,962473,757295,438302,1.23,44.05,34.66,20.06,3
4321808,3162597,442456,477008,1824102,419031,13.99,15.08,57.68,13.25,3
4321832,174487,69548,8733,33979,62228,39.86,5.00,19.47,35.66,3
4321857,424765,162098,38601,142955,81110,38.16,9.09,33.66,19.10,3
4321907,2588326,376507,454382,1332390,425046,14.55,17.56,51.48,16.42,3
4321956,742250,223534,181637,225318,111761,30.12,24.47,30.36,15.06,3
4322004,22131435,348762,14606402,6292720,883549,1.58,66.00,28.43,3.99,3
4322103,656915,211295,31050,306917,107652,32.16,4.73,46.72,16.39,3
4322152,259763,114436,8217,55512,81598,44.05,3.16,21.37,31.41,3
4322186,206550,112754,9183,41770,42844,54.59,4.45,20.22,20.74,3
4322202,4112162,1994058,165246,1516665,436194,48.49,4.02,36.88,10.61,3
4322251,1362633,152681,874305,233359,102289,11.20,64.16,17.13,7.51,3
4322301,910654,305731,71760,398059,135103,33.57,7.88,43.71,14.84,3
4322327,346150,166033,13421,86426,80270,47.97,3.88,24.97,23.19,3
4322343,240505,140247,4897,43349,52011,58.31,2.04,18.02,21.63,3
4322350,192774,122846,6841,25869,37219,63.73,3.55,13.42,19.31,3
4322376,302414,190344,8786,47205,56079,62.94,2.91,15.61,18.54,3
4322400,8694116,1703247,871649,4104795,2014425,19.59,10.03,47.21,23.17,3
4322509,7394742,1807181,837843,3639275,1110443,24.44,11.33,49.21,15.02,3
4322525,292404,142259,21141,56215,72790,48.65,7.23,19.23,24.89,3
4322533,699911,286033,37176,181285,195417,40.87,5.31,25.90,27.92,3
4322541,470089,77161,143079,145416,104433,16.41,30.44,30.93,22.22,3
4322558,217724,105627,9568,49758,52771,48.51,4.39,22.85,24.24,3
4322608,9389492,695688,3468541,4062862,1162401,7.41,36.94,43.27,12.38,3
4322707,1972336,205269,384696,918690,463681,10.41,19.50,46.58,23.51,3
4322806,4167949,148625,1936934,1649494,432895,3.57,46.47,39.58,10.39,3
4322855,248992,145661,12503,47122,43706,58.50,5.02,18.93,17.55,3
4322905,482925,229873,28702,138126,86222,47.60,5.94,28.60,17.85,3
4323002,11483053,479433,1944930,5397066,3661626,4.18,16.94,47.00,31.89,3
4323101,332462,168056,12938,63593,87875,50.55,3.89,19.13,26.43,3
4323200,564381,270967,52467,167837,73110,48.01,9.30,29.74,12.95,3
4323309,634716,108128,303980,146734,75875,17.04,47.89,23.12,11.95,3
4323358,370938,199639,32174,77891,61235,53.82,8.67,21.00,16.51,3
4323408,748297,274818,160678,226474,86327,36.73,21.47,30.27,11.54,3
4323457,393707,159719,50503,92899,90588,40.57,12.83,23.60,23.01,3
4323507,318879,149038,20178,86917,62747,46.74,6.33,27.26,19.68,3
4323606,190737,96327,7732,42071,44607,50.50,4.05,22.06,23.39,3
4323705,248532,122137,10081,57709,58606,49.14,4.06,23.22,23.58,3
4323754,336343,182948,17202,69114,67077,54.39,5.11,20.55,19.94,3
4323770,572674,173072,190184,137256,72162,30.22,33.21,23.97,12.60,3
4323804,1748829,7829,251340,1021431,468228,0.45,14.37,58.41,26.77,3
